CARRIER,DEST,ORIGIN,DAY_WEEK,FLIGHT_STATUS,UPDATED_CRS_DEP_TIME,UPDATED_DEP_TIME,DELAY_IN_MINS
DH,JFK,DCA,4,ontime,16:40,16:40,0
DH,LGA,IAD,4,ontime,12:45,12:45,0
DH,LGA,IAD,4,ontime,17:15,17:09,-6
DH,LGA,IAD,4,ontime,10:39,10:35,-4
DH,JFK,IAD,4,ontime,8:40,8:39,-1
DH,JFK,IAD,4,ontime,12:40,12:43,3
DH,JFK,IAD,4,ontime,16:45,16:44,-1
DH,JFK,IAD,4,ontime,17:15,17:10,-5
DH,JFK,IAD,4,ontime,21:20,21:29,9
DH,LGA,IAD,4,ontime,21:20,21:14,-6
DL,JFK,DCA,4,ontime,14:55,14:58,3
DL,LGA,DCA,4,ontime,9:30,9:32,2
DL,LGA,DCA,4,ontime,12:30,12:28,-2
DL,LGA,DCA,4,ontime,14:30,14:29,-1
DL,LGA,DCA,4,ontime,17:30,17:28,-2
DL,LGA,DCA,4,ontime,20:30,20:29,-1
MQ,JFK,DCA,4,ontime,15:30,15:25,-5
MQ,JFK,DCA,4,ontime,6:00,5:56,-4
MQ,JFK,DCA,4,ontime,18:30,18:22,-8
MQ,LGA,DCA,4,ontime,9:00,8:53,-7
MQ,LGA,DCA,4,ontime,13:00,12:54,-6
MQ,LGA,DCA,4,ontime,14:00,13:56,-4
MQ,LGA,DCA,4,ontime,15:00,14:52,-8
MQ,LGA,DCA,4,ontime,19:00,18:53,-7
UA,LGA,IAD,4,ontime,8:50,8:41,-9
US,LGA,DCA,4,ontime,9:00,8:58,-2
US,LGA,DCA,4,ontime,11:00,10:56,-4
US,LGA,DCA,4,ontime,13:00,12:53,-7
US,LGA,DCA,4,ontime,15:00,14:58,-2
US,LGA,DCA,4,ontime,17:00,16:55,-5
US,LGA,DCA,4,ontime,21:00,20:55,-5
RU,EWR,BWI,4,ontime,14:55,14:52,-3
RU,EWR,BWI,4,ontime,17:20,17:10,-10
RU,EWR,BWI,4,ontime,10:30,10:30,0
RU,EWR,BWI,4,ontime,7:00,6:56,-4
CO,EWR,DCA,4,ontime,13:00,12:56,-4
CO,EWR,DCA,4,ontime,17:30,17:26,-4
DH,EWR,IAD,4,ontime,8:40,8:40,0
DH,EWR,IAD,4,ontime,17:10,17:04,-6
DH,EWR,IAD,4,ontime,12:45,12:45,0
DH,EWR,IAD,4,ontime,21:20,21:18,-2
RU,EWR,IAD,4,ontime,17:00,16:51,-9
RU,EWR,IAD,4,ontime,19:00,18:50,-10
RU,EWR,DCA,4,ontime,15:25,15:21,-4
RU,EWR,DCA,4,ontime,19:00,18:55,-5
RU,EWR,DCA,4,ontime,14:00,13:57,-3
RU,EWR,IAD,4,ontime,15:15,15:08,-7
RU,EWR,IAD,4,ontime,13:00,12:55,-5
RU,EWR,DCA,4,ontime,16:30,16:25,-5
OH,JFK,BWI,5,ontime,14:55,14:55,0
DH,JFK,DCA,5,ontime,16:40,16:41,1
DH,LGA,IAD,5,ontime,12:45,12:49,4
DH,LGA,IAD,5,delayed,14:55,15:31,36
DH,LGA,IAD,5,ontime,17:15,17:12,-3
DH,LGA,IAD,5,ontime,6:40,6:45,5
DH,LGA,IAD,5,delayed,10:39,12:36,117
DH,JFK,IAD,5,ontime,8:40,8:59,19
DH,JFK,IAD,5,ontime,12:40,12:32,-8
DH,JFK,IAD,5,ontime,14:55,14:55,0
DH,JFK,IAD,5,ontime,16:45,16:45,0
DH,JFK,IAD,5,ontime,17:15,17:16,1
DH,JFK,IAD,5,delayed,21:20,23:05,105
DH,JFK,IAD,5,ontime,16:10,16:05,-5
DH,LGA,IAD,5,ontime,21:20,21:18,-2
DL,JFK,DCA,5,ontime,14:55,14:58,3
DL,LGA,DCA,5,ontime,9:30,9:30,0
DL,LGA,DCA,5,ontime,12:30,12:30,0
DL,LGA,DCA,5,ontime,14:30,14:27,-3
DL,LGA,DCA,5,ontime,17:30,17:30,0
DL,LGA,DCA,5,ontime,20:30,20:28,-2
MQ,JFK,DCA,5,ontime,15:30,15:22,-8
MQ,JFK,DCA,5,ontime,6:00,5:52,-8
MQ,JFK,DCA,5,ontime,18:30,18:47,17
MQ,LGA,DCA,5,ontime,9:00,8:52,-8
MQ,LGA,DCA,5,ontime,11:00,10:53,-7
MQ,LGA,DCA,5,ontime,13:00,12:58,-2
MQ,LGA,DCA,5,ontime,14:00,14:02,2
MQ,LGA,DCA,5,ontime,15:00,14:56,-4
UA,LGA,IAD,5,ontime,8:50,8:50,0
US,LGA,DCA,5,ontime,7:00,6:57,-3
US,LGA,DCA,5,ontime,9:00,8:57,-3
US,LGA,DCA,5,ontime,11:00,10:58,-2
US,LGA,DCA,5,ontime,13:00,12:58,-2
US,LGA,DCA,5,ontime,15:00,14:58,-2
US,LGA,DCA,5,ontime,17:00,16:55,-5
US,LGA,DCA,5,ontime,19:00,18:55,-5
US,LGA,DCA,5,ontime,21:00,20:56,-4
RU,EWR,BWI,5,ontime,17:20,17:15,-5
RU,EWR,BWI,5,ontime,10:30,10:30,0
RU,EWR,BWI,5,ontime,7:00,6:56,-4
RU,EWR,BWI,5,ontime,14:55,14:56,1
CO,EWR,DCA,5,ontime,17:30,17:27,-3
CO,EWR,DCA,5,ontime,13:00,13:01,1
CO,EWR,DCA,5,ontime,7:59,7:54,-5
DH,EWR,IAD,5,ontime,8:40,8:37,-3
DH,EWR,IAD,5,delayed,12:45,13:50,65
DH,EWR,IAD,5,delayed,14:30,15:12,42
DH,EWR,IAD,5,ontime,6:30,6:29,-1
RU,EWR,DCA,5,ontime,16:30,16:25,-5
RU,EWR,IAD,5,ontime,7:00,6:55,-5
RU,EWR,DCA,5,ontime,9:00,8:58,-2
RU,EWR,DCA,5,ontime,7:00,6:57,-3
RU,EWR,IAD,5,ontime,17:00,16:50,-10
RU,EWR,IAD,5,ontime,19:00,18:56,-4
RU,EWR,IAD,5,ontime,13:00,12:53,-7
RU,EWR,IAD,5,ontime,9:00,8:54,-6
RU,EWR,DCA,5,ontime,19:00,18:58,-2
RU,EWR,DCA,5,ontime,21:00,20:50,-10
RU,EWR,DCA,5,ontime,14:00,13:58,-2
RU,EWR,IAD,5,delayed,15:15,15:10,-5
RU,EWR,DCA,5,ontime,15:25,15:19,-6
DH,LGA,IAD,6,ontime,12:45,12:43,-2
DH,LGA,IAD,6,ontime,17:15,17:38,23
DH,LGA,IAD,6,ontime,6:40,6:40,0
DH,LGA,IAD,6,ontime,10:39,10:30,-9
DH,JFK,IAD,6,ontime,8:40,8:55,15
DH,JFK,IAD,6,ontime,12:40,12:37,-3
DH,JFK,IAD,6,ontime,14:55,14:55,0
DH,JFK,IAD,6,ontime,16:45,16:54,9
DH,JFK,IAD,6,ontime,17:15,17:41,26
DH,JFK,IAD,6,delayed,21:20,22:13,53
DH,JFK,IAD,6,ontime,16:10,16:04,-6
DH,LGA,IAD,6,ontime,21:20,21:38,18
DL,JFK,DCA,6,delayed,14:55,15:05,10
DL,LGA,DCA,6,ontime,8:30,8:28,-2
DL,LGA,DCA,6,ontime,10:30,10:30,0
DL,LGA,DCA,6,ontime,12:30,12:30,0
DL,LGA,DCA,6,ontime,14:30,14:28,-2
DL,LGA,DCA,6,ontime,16:30,16:29,-1
DL,LGA,DCA,6,ontime,18:30,18:29,-1
DL,LGA,DCA,6,ontime,20:30,20:24,-6
MQ,JFK,DCA,6,delayed,15:30,16:00,30
MQ,JFK,DCA,6,ontime,6:00,5:55,-5
MQ,JFK,DCA,6,ontime,18:30,18:29,-1
MQ,LGA,DCA,6,ontime,9:00,8:55,-5
MQ,LGA,DCA,6,ontime,13:00,12:54,-6
UA,LGA,IAD,6,ontime,8:50,8:49,-1
US,LGA,DCA,6,ontime,7:00,6:55,-5
US,LGA,DCA,6,ontime,9:00,8:58,-2
US,LGA,DCA,6,ontime,11:00,10:59,-1
US,LGA,DCA,6,ontime,13:00,12:56,-4
US,LGA,DCA,6,ontime,15:00,15:00,0
US,LGA,DCA,6,ontime,17:00,16:58,-2
US,LGA,DCA,6,ontime,19:00,18:57,-3
RU,EWR,BWI,6,ontime,17:20,17:14,-6
RU,EWR,BWI,6,ontime,7:00,6:55,-5
RU,EWR,BWI,6,ontime,10:30,10:26,-4
RU,EWR,BWI,6,ontime,14:55,14:48,-7
CO,EWR,DCA,6,ontime,13:00,12:55,-5
DH,EWR,IAD,6,delayed,8:40,8:57,17
DH,EWR,IAD,6,ontime,17:10,17:05,-5
DH,EWR,IAD,6,delayed,12:45,13:29,44
DH,EWR,IAD,6,ontime,21:20,21:26,6
DH,EWR,IAD,6,ontime,6:30,6:25,-5
RU,EWR,IAD,6,ontime,17:25,17:22,-3
RU,EWR,DCA,6,ontime,14:00,13:56,-4
RU,EWR,IAD,6,ontime,7:00,6:58,-2
RU,EWR,DCA,6,ontime,9:30,9:41,11
RU,EWR,DCA,6,ontime,17:30,17:38,8
RU,EWR,DCA,6,ontime,16:00,15:56,-4
RU,EWR,IAD,6,ontime,15:15,15:11,-4
RU,EWR,DCA,6,ontime,7:00,7:03,3
OH,JFK,BWI,7,delayed,14:55,16:05,70
DH,JFK,DCA,7,ontime,16:40,16:44,4
DH,LGA,IAD,7,ontime,12:45,12:49,4
DH,LGA,IAD,7,delayed,14:55,15:35,40
DH,LGA,IAD,7,delayed,17:15,18:37,82
DH,LGA,IAD,7,ontime,6:40,6:40,0
DH,LGA,IAD,7,ontime,10:39,10:32,-7
DH,JFK,IAD,7,ontime,8:40,9:00,20
DH,JFK,IAD,7,ontime,12:40,12:43,3
DH,JFK,IAD,7,ontime,14:55,15:04,9
DH,JFK,IAD,7,ontime,16:45,16:42,-3
DH,JFK,IAD,7,ontime,17:15,17:09,-6
DH,JFK,IAD,7,ontime,21:20,21:20,0
DH,JFK,IAD,7,ontime,16:10,16:07,-3
DH,LGA,IAD,7,ontime,21:20,21:16,-4
DL,JFK,DCA,7,ontime,14:55,15:00,5
DL,LGA,DCA,7,ontime,8:30,8:28,-2
DL,LGA,DCA,7,ontime,10:30,10:28,-2
DL,LGA,DCA,7,ontime,12:30,12:30,0
DL,LGA,DCA,7,ontime,14:30,14:32,2
DL,LGA,DCA,7,ontime,16:30,16:29,-1
DL,LGA,DCA,7,ontime,18:30,18:32,2
DL,LGA,DCA,7,ontime,20:30,20:30,0
MQ,JFK,DCA,7,delayed,15:30,15:34,4
MQ,JFK,DCA,7,ontime,6:00,5:54,-6
MQ,JFK,DCA,7,ontime,7:30,7:45,15
MQ,JFK,DCA,7,delayed,18:30,18:58,28
MQ,LGA,DCA,7,ontime,13:00,12:57,-3
MQ,LGA,DCA,7,delayed,15:00,14:58,-2
MQ,LGA,DCA,7,ontime,17:00,16:59,-1
MQ,LGA,DCA,7,delayed,19:00,19:36,36
UA,LGA,IAD,7,ontime,8:50,8:49,-1
US,LGA,DCA,7,ontime,9:00,8:58,-2
US,LGA,DCA,7,ontime,10:00,9:54,-6
US,LGA,DCA,7,ontime,11:00,10:55,-5
US,LGA,DCA,7,ontime,12:00,11:58,-2
US,LGA,DCA,7,ontime,13:00,12:57,-3
US,LGA,DCA,7,ontime,14:00,13:59,-1
US,LGA,DCA,7,ontime,15:00,14:56,-4
US,LGA,DCA,7,ontime,16:00,15:59,-1
US,LGA,DCA,7,ontime,17:00,16:58,-2
US,LGA,DCA,7,ontime,18:00,17:58,-2
US,LGA,DCA,7,ontime,19:00,18:57,-3
US,LGA,DCA,7,ontime,20:00,19:57,-3
US,LGA,DCA,7,ontime,21:00,20:59,-1
RU,EWR,BWI,7,delayed,14:55,16:15,80
RU,EWR,BWI,7,delayed,13:15,14:16,61
RU,EWR,BWI,7,delayed,16:05,20:30,265
RU,EWR,BWI,7,delayed,10:30,12:35,125
CO,EWR,DCA,7,ontime,13:00,12:55,-5
CO,EWR,DCA,7,delayed,16:30,18:33,123
DH,EWR,IAD,7,ontime,8:40,8:57,17
DH,EWR,IAD,7,delayed,17:10,19:17,127
DH,EWR,IAD,7,delayed,12:45,13:10,25
DH,EWR,IAD,7,delayed,21:20,22:21,61
DH,EWR,IAD,7,delayed,14:30,16:00,90
RU,EWR,DCA,7,delayed,17:30,19:52,142
RU,EWR,DCA,7,ontime,9:30,9:27,-3
RU,EWR,IAD,7,ontime,9:00,8:58,-2
RU,EWR,IAD,7,delayed,19:00,21:10,130
RU,EWR,DCA,7,delayed,14:00,13:56,-4
RU,EWR,DCA,7,delayed,19:00,21:20,140
RU,EWR,IAD,7,delayed,15:15,15:57,42
OH,JFK,BWI,1,delayed,14:55,16:10,75
DH,JFK,DCA,1,delayed,16:40,16:38,-2
DH,LGA,IAD,1,delayed,12:45,13:38,53
DH,LGA,IAD,1,delayed,14:55,16:06,71
DH,LGA,IAD,1,delayed,17:15,18:48,93
DH,LGA,IAD,1,delayed,6:40,6:33,-7
DH,LGA,IAD,1,ontime,10:39,10:54,15
DH,JFK,IAD,1,delayed,8:40,9:46,66
DH,JFK,IAD,1,delayed,12:40,13:12,32
DH,JFK,IAD,1,ontime,16:45,17:00,15
DH,JFK,IAD,1,ontime,17:15,17:09,-6
DH,JFK,IAD,1,delayed,21:20,22:00,40
DH,JFK,IAD,1,delayed,16:10,16:51,41
DH,LGA,IAD,1,ontime,21:20,21:25,5
DL,JFK,DCA,1,ontime,14:55,14:59,4
DL,LGA,DCA,1,ontime,6:30,6:30,0
DL,LGA,DCA,1,ontime,7:30,7:34,4
DL,LGA,DCA,1,ontime,8:30,8:30,0
DL,LGA,DCA,1,ontime,9:30,9:32,2
DL,LGA,DCA,1,ontime,10:30,10:31,1
DL,LGA,DCA,1,ontime,11:30,11:28,-2
DL,LGA,DCA,1,ontime,12:30,12:30,0
DL,LGA,DCA,1,ontime,13:30,13:29,-1
DL,LGA,DCA,1,ontime,14:30,14:27,-3
DL,LGA,DCA,1,ontime,16:30,16:35,5
DL,LGA,DCA,1,ontime,17:30,17:30,0
DL,LGA,DCA,1,ontime,18:30,18:29,-1
DL,LGA,DCA,1,delayed,19:30,19:55,25
DL,LGA,DCA,1,ontime,20:30,20:28,-2
MQ,JFK,DCA,1,ontime,15:30,15:38,8
MQ,JFK,DCA,1,ontime,6:00,5:57,-3
MQ,LGA,DCA,1,ontime,7:00,6:56,-4
MQ,LGA,DCA,1,ontime,8:00,7:58,-2
MQ,LGA,DCA,1,ontime,9:00,8:59,-1
MQ,LGA,DCA,1,ontime,11:00,11:03,3
MQ,LGA,DCA,1,ontime,13:00,12:50,-10
MQ,LGA,DCA,1,delayed,16:00,16:27,27
MQ,LGA,DCA,1,ontime,17:00,17:02,2
MQ,LGA,DCA,1,delayed,19:00,19:49,49
UA,LGA,IAD,1,ontime,8:50,8:48,-2
US,LGA,DCA,1,delayed,6:30,6:27,-3
US,LGA,DCA,1,ontime,7:00,6:57,-3
US,LGA,DCA,1,ontime,8:00,7:57,-3
US,LGA,DCA,1,ontime,9:00,9:00,0
US,LGA,DCA,1,ontime,10:00,9:58,-2
US,LGA,DCA,1,ontime,11:00,10:57,-3
US,LGA,DCA,1,ontime,12:00,11:55,-5
US,LGA,DCA,1,ontime,13:00,12:57,-3
US,LGA,DCA,1,ontime,14:00,13:58,-2
US,LGA,DCA,1,ontime,15:00,15:00,0
US,LGA,DCA,1,ontime,16:00,16:01,1
US,LGA,DCA,1,ontime,17:00,16:57,-3
US,LGA,DCA,1,ontime,18:00,17:57,-3
US,LGA,DCA,1,ontime,19:00,18:57,-3
US,LGA,DCA,1,ontime,20:00,19:59,-1
US,LGA,DCA,1,ontime,21:00,21:00,0
RU,EWR,BWI,1,delayed,7:00,7:44,44
RU,EWR,BWI,1,delayed,14:55,15:27,32
RU,EWR,BWI,1,delayed,10:30,12:21,111
CO,EWR,DCA,1,delayed,13:00,13:24,24
CO,EWR,DCA,1,ontime,7:59,7:57,-2
CO,EWR,DCA,1,delayed,17:30,18:46,76
DH,EWR,IAD,1,ontime,8:40,8:44,4
DH,EWR,IAD,1,delayed,17:10,19:20,130
DH,EWR,IAD,1,delayed,12:45,13:57,72
DH,EWR,IAD,1,delayed,21:20,23:12,112
DH,EWR,IAD,1,delayed,14:30,15:36,66
DH,EWR,IAD,1,ontime,6:30,6:24,-6
RU,EWR,DCA,1,ontime,7:00,7:00,0
RU,EWR,DCA,1,delayed,9:00,10:56,116
RU,EWR,IAD,1,delayed,13:00,13:21,21
RU,EWR,DCA,1,ontime,21:00,21:05,5
RU,EWR,IAD,1,ontime,7:00,6:55,-5
RU,EWR,DCA,1,delayed,14:00,14:54,54
RU,EWR,DCA,1,delayed,19:00,21:04,124
RU,EWR,IAD,1,delayed,15:15,16:02,47
RU,EWR,IAD,1,ontime,9:00,8:55,-5
RU,EWR,DCA,1,delayed,15:25,16:17,52
OH,JFK,BWI,2,ontime,14:55,14:55,0
DH,LGA,IAD,2,ontime,12:45,12:40,-5
DH,LGA,IAD,2,ontime,14:55,14:51,-4
DH,LGA,IAD,2,ontime,17:15,17:52,37
DH,LGA,IAD,2,ontime,6:40,6:35,-5
DH,LGA,IAD,2,ontime,10:39,10:34,-5
DH,JFK,IAD,2,ontime,8:40,8:55,15
DH,JFK,IAD,2,ontime,12:40,12:37,-3
DH,JFK,IAD,2,ontime,14:55,14:53,-2
DH,JFK,IAD,2,ontime,16:45,16:41,-4
DH,JFK,IAD,2,delayed,17:15,17:56,41
DH,JFK,IAD,2,delayed,21:20,21:53,33
DH,JFK,IAD,2,ontime,16:10,16:07,-3
DH,LGA,IAD,2,ontime,21:20,21:18,-2
DL,JFK,DCA,2,ontime,14:55,14:57,2
DL,LGA,DCA,2,ontime,6:30,6:29,-1
DL,LGA,DCA,2,ontime,7:30,7:28,-2
DL,LGA,DCA,2,ontime,8:30,8:29,-1
DL,LGA,DCA,2,ontime,9:30,9:30,0
DL,LGA,DCA,2,ontime,10:30,10:30,0
DL,LGA,DCA,2,ontime,11:30,11:30,0
DL,LGA,DCA,2,ontime,12:30,12:30,0
DL,LGA,DCA,2,ontime,13:30,13:27,-3
DL,LGA,DCA,2,ontime,14:30,14:28,-2
DL,LGA,DCA,2,ontime,15:30,15:29,-1
DL,LGA,DCA,2,ontime,16:30,16:29,-1
DL,LGA,DCA,2,ontime,17:30,17:28,-2
DL,LGA,DCA,2,ontime,18:30,18:30,0
DL,LGA,DCA,2,ontime,19:30,19:29,-1
DL,LGA,DCA,2,ontime,20:30,20:31,1
MQ,JFK,DCA,2,ontime,15:30,15:48,18
MQ,JFK,DCA,2,ontime,6:00,5:58,-2
MQ,JFK,DCA,2,ontime,18:30,18:43,13
MQ,LGA,DCA,2,ontime,7:00,6:55,-5
MQ,LGA,DCA,2,ontime,8:00,8:17,17
MQ,LGA,DCA,2,ontime,9:00,8:52,-8
MQ,LGA,DCA,2,ontime,11:00,11:00,0
MQ,LGA,DCA,2,ontime,13:00,13:13,13
MQ,LGA,DCA,2,ontime,14:00,13:55,-5
MQ,LGA,DCA,2,delayed,15:00,15:35,35
MQ,LGA,DCA,2,ontime,16:00,15:55,-5
MQ,LGA,DCA,2,ontime,17:00,16:54,-6
MQ,LGA,DCA,2,ontime,19:00,19:04,4
UA,LGA,IAD,2,ontime,8:50,8:50,0
US,LGA,DCA,2,ontime,6:30,6:29,-1
US,LGA,DCA,2,ontime,7:00,6:57,-3
US,LGA,DCA,2,ontime,8:00,7:58,-2
US,LGA,DCA,2,ontime,9:00,8:58,-2
US,LGA,DCA,2,ontime,10:00,10:00,0
US,LGA,DCA,2,ontime,11:00,10:56,-4
US,LGA,DCA,2,ontime,12:00,11:58,-2
US,LGA,DCA,2,ontime,13:00,12:59,-1
US,LGA,DCA,2,ontime,14:00,13:57,-3
US,LGA,DCA,2,ontime,15:00,14:58,-2
US,LGA,DCA,2,ontime,16:00,15:57,-3
US,LGA,DCA,2,ontime,17:00,16:57,-3
US,LGA,DCA,2,ontime,18:00,17:58,-2
US,LGA,DCA,2,ontime,19:00,18:55,-5
US,LGA,DCA,2,ontime,20:00,19:58,-2
US,LGA,DCA,2,ontime,21:00,21:04,4
RU,EWR,BWI,2,ontime,14:55,14:51,-4
RU,EWR,BWI,2,delayed,17:20,17:29,9
RU,EWR,BWI,2,ontime,7:00,6:58,-2
RU,EWR,BWI,2,ontime,10:30,10:37,7
CO,EWR,DCA,2,delayed,17:30,17:40,10
CO,EWR,DCA,2,ontime,13:00,12:56,-4
CO,EWR,DCA,2,delayed,19:00,18:56,-4
CO,EWR,DCA,2,ontime,7:35,7:27,-8
DH,EWR,IAD,2,ontime,8:40,8:47,7
DH,EWR,IAD,2,ontime,17:10,17:05,-5
DH,EWR,IAD,2,ontime,12:45,12:36,-9
DH,EWR,IAD,2,ontime,21:20,21:18,-2
DH,EWR,IAD,2,ontime,14:30,14:35,5
DH,EWR,IAD,2,ontime,6:30,6:22,-8
RU,EWR,DCA,2,delayed,21:00,22:22,82
RU,EWR,DCA,2,ontime,9:00,8:59,-1
RU,EWR,IAD,2,delayed,19:00,19:01,1
RU,EWR,IAD,2,ontime,15:00,14:57,-3
RU,EWR,IAD,2,ontime,7:00,6:56,-4
RU,EWR,DCA,2,delayed,15:25,16:44,79
RU,EWR,IAD,2,ontime,13:00,12:53,-7
RU,EWR,DCA,2,ontime,13:59,13:56,-3
RU,EWR,IAD,2,ontime,17:00,16:56,-4
RU,EWR,DCA,2,ontime,16:30,16:27,-3
RU,EWR,DCA,2,ontime,6:45,6:44,-1
OH,JFK,BWI,3,ontime,14:55,14:55,0
DH,JFK,DCA,3,ontime,16:40,16:39,-1
DH,LGA,IAD,3,ontime,12:45,13:06,21
DH,LGA,IAD,3,ontime,14:55,14:45,-10
DH,LGA,IAD,3,delayed,17:15,18:13,58
DH,LGA,IAD,3,ontime,6:40,6:40,0
DH,LGA,IAD,3,ontime,10:40,10:38,-2
DH,JFK,IAD,3,ontime,8:40,8:31,-9
DH,JFK,IAD,3,ontime,12:40,12:40,0
DH,JFK,IAD,3,ontime,14:55,15:21,26
DH,JFK,IAD,3,ontime,16:45,16:38,-7
DH,JFK,IAD,3,delayed,17:15,19:22,127
DH,JFK,IAD,3,ontime,21:20,21:20,0
DH,JFK,IAD,3,ontime,16:10,16:06,-4
DL,JFK,DCA,3,ontime,14:55,15:01,6
DL,LGA,DCA,3,ontime,6:30,6:31,1
DL,LGA,DCA,3,ontime,8:30,8:31,1
DL,LGA,DCA,3,ontime,9:30,9:32,2
DL,LGA,DCA,3,ontime,10:30,10:30,0
DL,LGA,DCA,3,ontime,11:30,11:31,1
DL,LGA,DCA,3,ontime,12:30,12:31,1
DL,LGA,DCA,3,ontime,13:30,13:29,-1
DL,LGA,DCA,3,ontime,14:30,14:30,0
DL,LGA,DCA,3,ontime,15:30,15:28,-2
DL,LGA,DCA,3,ontime,16:30,16:29,-1
DL,LGA,DCA,3,ontime,17:30,17:28,-2
DL,LGA,DCA,3,ontime,18:30,18:28,-2
DL,LGA,DCA,3,ontime,19:30,19:27,-3
DL,LGA,DCA,3,ontime,20:30,20:30,0
MQ,JFK,DCA,3,ontime,15:30,15:30,0
MQ,JFK,DCA,3,ontime,6:00,5:55,-5
MQ,JFK,DCA,3,delayed,18:30,19:18,48
MQ,LGA,DCA,3,ontime,7:00,6:55,-5
MQ,LGA,DCA,3,ontime,8:00,7:46,-14
MQ,LGA,DCA,3,ontime,9:00,8:54,-6
MQ,LGA,DCA,3,ontime,11:00,10:56,-4
MQ,LGA,DCA,3,ontime,13:00,12:56,-4
MQ,LGA,DCA,3,ontime,14:00,13:52,-8
MQ,LGA,DCA,3,delayed,15:00,14:57,-3
MQ,LGA,DCA,3,delayed,16:00,16:24,24
MQ,LGA,DCA,3,delayed,19:00,20:14,74
UA,LGA,IAD,3,ontime,8:50,8:49,-1
US,LGA,DCA,3,ontime,6:30,6:28,-2
US,LGA,DCA,3,ontime,7:00,6:58,-2
US,LGA,DCA,3,ontime,8:00,7:57,-3
US,LGA,DCA,3,ontime,9:00,8:57,-3
US,LGA,DCA,3,ontime,10:00,9:56,-4
US,LGA,DCA,3,ontime,11:00,10:58,-2
US,LGA,DCA,3,ontime,12:00,11:57,-3
US,LGA,DCA,3,ontime,13:00,12:56,-4
US,LGA,DCA,3,ontime,14:00,13:54,-6
US,LGA,DCA,3,delayed,15:00,14:57,-3
US,LGA,DCA,3,delayed,16:00,16:00,0
US,LGA,DCA,3,ontime,17:00,16:56,-4
US,LGA,DCA,3,ontime,18:00,17:58,-2
US,LGA,DCA,3,ontime,19:00,18:59,-1
US,LGA,DCA,3,delayed,20:00,19:59,-1
US,LGA,DCA,3,ontime,21:00,20:54,-6
RU,EWR,BWI,3,ontime,7:00,6:59,-1
RU,EWR,BWI,3,ontime,14:55,14:59,4
RU,EWR,BWI,3,delayed,17:20,19:20,120
RU,EWR,BWI,3,delayed,10:30,10:44,14
CO,EWR,DCA,3,ontime,13:00,12:55,-5
CO,EWR,DCA,3,delayed,19:00,19:48,48
CO,EWR,DCA,3,delayed,17:30,18:13,43
CO,EWR,DCA,3,ontime,7:35,7:28,-7
DH,EWR,IAD,3,ontime,8:40,8:40,0
DH,EWR,IAD,3,ontime,17:10,17:25,15
DH,EWR,IAD,3,delayed,12:45,13:20,35
DH,EWR,IAD,3,ontime,21:20,21:17,-3
DH,EWR,IAD,3,ontime,6:30,6:24,-6
DH,EWR,IAD,3,ontime,14:30,14:39,9
RU,EWR,DCA,3,ontime,13:59,13:52,-7
RU,EWR,IAD,3,delayed,7:00,7:31,31
RU,EWR,IAD,3,delayed,15:00,14:57,-3
RU,EWR,DCA,3,ontime,9:00,8:56,-4
RU,EWR,IAD,3,ontime,13:00,12:54,-6
RU,EWR,IAD,3,ontime,17:00,16:54,-6
RU,EWR,IAD,3,delayed,19:00,19:55,55
RU,EWR,DCA,3,ontime,6:45,6:41,-4
RU,EWR,DCA,3,ontime,21:00,20:58,-2
RU,EWR,DCA,3,ontime,15:25,15:21,-4
RU,EWR,DCA,3,ontime,16:30,16:29,-1
OH,JFK,BWI,4,ontime,14:55,14:55,0
DH,JFK,DCA,4,delayed,16:40,16:40,0
DH,LGA,IAD,4,ontime,12:45,12:45,0
DH,LGA,IAD,4,delayed,14:55,17:06,131
DH,LGA,IAD,4,delayed,17:15,17:10,-5
DH,LGA,IAD,4,delayed,21:20,21:51,31
DH,LGA,IAD,4,ontime,6:40,6:48,8
DH,LGA,IAD,4,ontime,10:40,10:36,-4
DH,JFK,IAD,4,ontime,8:40,8:52,12
DH,JFK,IAD,4,ontime,12:40,12:37,-3
DH,JFK,IAD,4,ontime,14:55,14:49,-6
DH,JFK,IAD,4,ontime,16:45,16:39,-6
DH,JFK,IAD,4,ontime,17:15,17:14,-1
DH,JFK,IAD,4,ontime,21:20,21:35,15
DH,JFK,IAD,4,ontime,16:10,16:09,-1
DL,JFK,DCA,4,delayed,14:55,16:01,66
DL,LGA,DCA,4,ontime,6:30,6:28,-2
DL,LGA,DCA,4,ontime,7:30,7:28,-2
DL,LGA,DCA,4,ontime,8:30,8:28,-2
DL,LGA,DCA,4,ontime,9:30,9:31,1
DL,LGA,DCA,4,ontime,10:30,10:30,0
DL,LGA,DCA,4,ontime,11:30,11:29,-1
DL,LGA,DCA,4,ontime,12:30,12:31,1
DL,LGA,DCA,4,ontime,13:30,13:28,-2
DL,LGA,DCA,4,ontime,14:30,14:30,0
DL,LGA,DCA,4,ontime,15:30,15:33,3
DL,LGA,DCA,4,ontime,16:30,16:30,0
DL,LGA,DCA,4,ontime,17:30,17:31,1
DL,LGA,DCA,4,ontime,18:30,18:33,3
DL,LGA,DCA,4,ontime,19:30,19:28,-2
DL,LGA,DCA,4,ontime,20:30,20:27,-3
MQ,JFK,DCA,4,ontime,15:30,15:24,-6
MQ,JFK,DCA,4,ontime,6:00,5:52,-8
MQ,JFK,DCA,4,ontime,18:30,18:44,14
MQ,LGA,DCA,4,ontime,7:00,7:22,22
MQ,LGA,DCA,4,ontime,8:00,7:59,-1
MQ,LGA,DCA,4,ontime,9:00,8:56,-4
MQ,LGA,DCA,4,ontime,11:00,10:50,-10
MQ,LGA,DCA,4,ontime,13:00,12:56,-4
MQ,LGA,DCA,4,ontime,14:00,13:53,-7
MQ,LGA,DCA,4,ontime,15:00,14:57,-3
MQ,LGA,DCA,4,ontime,16:00,15:57,-3
MQ,LGA,DCA,4,ontime,19:00,18:52,-8
UA,LGA,IAD,4,ontime,8:50,8:48,-2
US,LGA,DCA,4,ontime,6:30,6:27,-3
US,LGA,DCA,4,ontime,7:00,6:58,-2
US,LGA,DCA,4,ontime,8:00,7:56,-4
US,LGA,DCA,4,ontime,9:00,8:56,-4
US,LGA,DCA,4,ontime,10:00,9:58,-2
US,LGA,DCA,4,ontime,11:00,10:57,-3
US,LGA,DCA,4,ontime,12:00,11:57,-3
US,LGA,DCA,4,ontime,13:00,12:59,-1
US,LGA,DCA,4,ontime,14:00,14:08,8
US,LGA,DCA,4,ontime,15:00,14:57,-3
US,LGA,DCA,4,ontime,16:00,15:57,-3
US,LGA,DCA,4,delayed,17:00,17:33,33
US,LGA,DCA,4,ontime,18:00,17:58,-2
US,LGA,DCA,4,delayed,19:00,19:16,16
US,LGA,DCA,4,delayed,20:00,20:31,31
US,LGA,DCA,4,ontime,21:00,20:59,-1
RU,EWR,BWI,4,ontime,17:20,17:39,19
RU,EWR,BWI,4,ontime,14:55,14:56,1
RU,EWR,BWI,4,ontime,10:30,10:26,-4
RU,EWR,BWI,4,ontime,7:00,6:55,-5
CO,EWR,DCA,4,ontime,17:30,17:28,-2
CO,EWR,DCA,4,ontime,7:35,7:34,-1
CO,EWR,DCA,4,ontime,13:00,12:55,-5
CO,EWR,DCA,4,ontime,19:00,18:54,-6
DH,EWR,IAD,4,ontime,8:40,8:38,-2
DH,EWR,IAD,4,ontime,17:10,17:06,-4
DH,EWR,IAD,4,ontime,12:45,12:41,-4
DH,EWR,IAD,4,ontime,21:20,21:20,0
DH,EWR,IAD,4,ontime,6:30,6:22,-8
DH,EWR,IAD,4,ontime,14:30,14:21,-9
RU,EWR,IAD,4,ontime,15:00,14:52,-8
RU,EWR,IAD,4,ontime,19:00,18:57,-3
RU,EWR,IAD,4,ontime,13:00,12:55,-5
RU,EWR,DCA,4,ontime,16:30,16:25,-5
RU,EWR,DCA,4,delayed,6:45,6:54,9
RU,EWR,DCA,4,ontime,13:59,13:54,-5
RU,EWR,IAD,4,ontime,7:00,7:07,7
RU,EWR,IAD,4,ontime,17:00,17:00,0
RU,EWR,DCA,4,ontime,9:00,8:57,-3
RU,EWR,DCA,4,ontime,21:00,20:51,-9
RU,EWR,DCA,4,ontime,15:25,15:27,2
OH,JFK,BWI,5,ontime,14:55,14:55,0
DH,JFK,DCA,5,ontime,16:40,16:34,-6
DH,LGA,IAD,5,ontime,12:45,12:57,12
DH,LGA,IAD,5,delayed,14:55,16:08,73
DH,LGA,IAD,5,delayed,17:15,21:06,231
DH,LGA,IAD,5,ontime,21:20,21:34,14
DH,LGA,IAD,5,delayed,6:40,7:14,34
DH,LGA,IAD,5,ontime,10:40,11:06,26
DH,JFK,IAD,5,delayed,8:40,8:36,-4
DH,JFK,IAD,5,ontime,12:40,12:35,-5
DH,JFK,IAD,5,ontime,14:55,14:54,-1
DH,JFK,IAD,5,ontime,16:45,16:43,-2
DH,JFK,IAD,5,ontime,17:15,17:10,-5
DH,JFK,IAD,5,ontime,21:20,21:15,-5
DH,JFK,IAD,5,ontime,16:10,16:17,7
DL,JFK,DCA,5,ontime,14:55,15:06,11
DL,LGA,DCA,5,ontime,6:30,6:29,-1
DL,LGA,DCA,5,delayed,7:30,7:30,0
DL,LGA,DCA,5,ontime,8:30,8:32,2
DL,LGA,DCA,5,ontime,9:30,9:30,0
DL,LGA,DCA,5,ontime,10:30,10:32,2
DL,LGA,DCA,5,ontime,11:30,11:31,1
DL,LGA,DCA,5,ontime,12:30,12:28,-2
DL,LGA,DCA,5,ontime,13:30,13:29,-1
DL,LGA,DCA,5,ontime,14:30,14:32,2
DL,LGA,DCA,5,ontime,15:30,15:30,0
DL,LGA,DCA,5,ontime,16:30,16:33,3
DL,LGA,DCA,5,ontime,17:30,17:35,5
DL,LGA,DCA,5,ontime,18:30,18:29,-1
DL,LGA,DCA,5,ontime,19:30,19:31,1
DL,LGA,DCA,5,ontime,20:30,20:30,0
MQ,JFK,DCA,5,ontime,15:30,15:35,5
MQ,JFK,DCA,5,ontime,6:00,5:58,-2
MQ,JFK,DCA,5,delayed,18:30,18:51,21
MQ,LGA,DCA,5,delayed,8:00,8:43,43
MQ,LGA,DCA,5,ontime,9:00,8:51,-9
MQ,LGA,DCA,5,delayed,11:00,11:41,41
MQ,LGA,DCA,5,ontime,13:00,12:52,-8
MQ,LGA,DCA,5,ontime,14:00,13:59,-1
MQ,LGA,DCA,5,ontime,15:00,15:03,3
MQ,LGA,DCA,5,delayed,16:00,16:18,18
MQ,LGA,DCA,5,ontime,17:00,16:58,-2
MQ,LGA,DCA,5,delayed,19:00,19:16,16
UA,LGA,IAD,5,delayed,8:50,9:04,14
US,LGA,DCA,5,ontime,6:30,6:29,-1
US,LGA,DCA,5,ontime,7:00,6:57,-3
US,LGA,DCA,5,ontime,8:00,7:56,-4
US,LGA,DCA,5,ontime,10:00,9:58,-2
US,LGA,DCA,5,ontime,11:00,10:57,-3
US,LGA,DCA,5,ontime,12:00,11:55,-5
US,LGA,DCA,5,ontime,13:00,12:59,-1
US,LGA,DCA,5,ontime,14:00,13:57,-3
US,LGA,DCA,5,ontime,15:00,14:58,-2
US,LGA,DCA,5,ontime,16:00,15:55,-5
US,LGA,DCA,5,ontime,17:00,16:57,-3
US,LGA,DCA,5,ontime,18:00,17:57,-3
US,LGA,DCA,5,ontime,19:00,19:02,2
US,LGA,DCA,5,ontime,20:00,19:56,-4
US,LGA,DCA,5,ontime,21:00,20:52,-8
RU,EWR,BWI,5,ontime,17:20,17:20,0
RU,EWR,BWI,5,ontime,14:55,14:50,-5
RU,EWR,BWI,5,delayed,10:30,11:08,38
RU,EWR,BWI,5,ontime,7:00,7:00,0
CO,EWR,DCA,5,ontime,17:30,17:27,-3
CO,EWR,DCA,5,ontime,19:00,18:58,-2
CO,EWR,DCA,5,ontime,13:00,12:58,-2
CO,EWR,DCA,5,ontime,7:35,7:32,-3
DH,EWR,IAD,5,ontime,8:40,8:40,0
DH,EWR,IAD,5,ontime,17:10,17:07,-3
DH,EWR,IAD,5,ontime,12:45,12:42,-3
DH,EWR,IAD,5,ontime,21:20,21:21,1
DH,EWR,IAD,5,ontime,6:30,6:29,-1
DH,EWR,IAD,5,ontime,14:30,14:23,-7
RU,EWR,DCA,5,ontime,16:30,16:27,-3
RU,EWR,DCA,5,ontime,15:25,15:26,1
RU,EWR,DCA,5,ontime,13:59,13:57,-2
RU,EWR,IAD,5,delayed,7:00,7:00,0
RU,EWR,IAD,5,ontime,13:00,12:56,-4
RU,EWR,IAD,5,ontime,19:00,18:55,-5
RU,EWR,IAD,5,ontime,15:00,14:57,-3
RU,EWR,DCA,5,ontime,9:00,8:50,-10
RU,EWR,DCA,5,ontime,21:00,20:58,-2
RU,EWR,IAD,5,ontime,17:00,16:55,-5
RU,EWR,DCA,5,ontime,6:45,6:45,0
OH,JFK,BWI,6,ontime,14:55,14:55,0
DH,JFK,DCA,6,delayed,16:40,16:38,-2
DH,LGA,IAD,6,ontime,12:45,12:43,-2
DH,LGA,IAD,6,ontime,17:15,17:10,-5
DH,LGA,IAD,6,ontime,21:20,21:30,10
DH,JFK,IAD,6,delayed,8:40,9:18,38
DH,JFK,IAD,6,delayed,12:40,13:03,23
DH,JFK,IAD,6,ontime,16:45,16:42,-3
DH,JFK,IAD,6,ontime,17:15,17:08,-7
DH,JFK,IAD,6,ontime,21:20,21:26,6
DH,JFK,IAD,6,ontime,18:00,18:00,0
DL,JFK,DCA,6,delayed,14:55,15:05,10
DL,LGA,DCA,6,ontime,7:30,7:29,-1
DL,LGA,DCA,6,ontime,8:30,8:32,2
DL,LGA,DCA,6,ontime,10:30,10:28,-2
DL,LGA,DCA,6,ontime,12:30,12:30,0
DL,LGA,DCA,6,ontime,14:30,14:29,-1
DL,LGA,DCA,6,ontime,16:30,16:24,-6
DL,LGA,DCA,6,ontime,18:30,18:28,-2
DL,LGA,DCA,6,ontime,20:30,20:31,1
MQ,JFK,DCA,6,ontime,15:30,15:29,-1
MQ,JFK,DCA,6,delayed,6:00,5:57,-3
MQ,JFK,DCA,6,ontime,18:30,18:26,-4
MQ,LGA,DCA,6,ontime,9:00,8:55,-5
MQ,LGA,DCA,6,ontime,13:00,13:09,9
UA,LGA,IAD,6,ontime,8:50,8:50,0
US,LGA,DCA,6,ontime,7:00,6:55,-5
US,LGA,DCA,6,ontime,9:00,8:57,-3
US,LGA,DCA,6,ontime,11:00,10:56,-4
US,LGA,DCA,6,ontime,13:00,12:56,-4
US,LGA,DCA,6,ontime,15:00,14:58,-2
US,LGA,DCA,6,ontime,17:00,16:56,-4
US,LGA,DCA,6,ontime,19:00,18:54,-6
RU,EWR,BWI,6,ontime,17:20,17:23,3
RU,EWR,BWI,6,ontime,14:55,14:50,-5
RU,EWR,BWI,6,ontime,7:00,6:57,-3
RU,EWR,BWI,6,ontime,10:30,10:30,0
CO,EWR,DCA,6,ontime,13:00,12:54,-6
DH,EWR,IAD,6,ontime,8:40,9:06,26
DH,EWR,IAD,6,ontime,17:10,17:03,-7
DH,EWR,IAD,6,ontime,12:45,12:55,10
DH,EWR,IAD,6,ontime,21:20,21:14,-6
RU,EWR,IAD,6,ontime,17:00,16:55,-5
RU,EWR,IAD,6,ontime,7:00,6:58,-2
RU,EWR,DCA,6,ontime,16:00,15:55,-5
RU,EWR,IAD,6,ontime,15:00,14:56,-4
RU,EWR,DCA,6,ontime,6:45,6:45,0
RU,EWR,DCA,6,ontime,17:30,17:19,-11
RU,EWR,DCA,6,ontime,13:59,13:55,-4
RU,EWR,DCA,6,ontime,9:30,9:25,-5
OH,JFK,BWI,7,ontime,14:55,14:55,0
DH,JFK,DCA,7,ontime,16:40,16:34,-6
DH,LGA,IAD,7,ontime,12:45,13:04,19
DH,LGA,IAD,7,ontime,14:55,15:00,5
DH,LGA,IAD,7,ontime,17:15,17:12,-3
DH,LGA,IAD,7,ontime,21:20,21:15,-5
DH,JFK,IAD,7,ontime,8:40,8:40,0
DH,JFK,IAD,7,ontime,12:40,12:38,-2
DH,JFK,IAD,7,delayed,14:55,15:33,38
DH,JFK,IAD,7,ontime,16:45,16:37,-8
DH,JFK,IAD,7,ontime,17:15,17:14,-1
DH,JFK,IAD,7,delayed,21:20,21:55,35
DH,JFK,IAD,7,ontime,16:10,16:27,17
DL,JFK,DCA,7,delayed,14:55,14:56,1
DL,LGA,DCA,7,ontime,8:30,8:29,-1
DL,LGA,DCA,7,ontime,10:30,10:28,-2
DL,LGA,DCA,7,ontime,11:30,11:30,0
DL,LGA,DCA,7,ontime,12:30,12:31,1
DL,LGA,DCA,7,ontime,13:30,13:27,-3
DL,LGA,DCA,7,ontime,14:30,14:30,0
DL,LGA,DCA,7,ontime,15:30,15:29,-1
DL,LGA,DCA,7,ontime,16:30,16:28,-2
DL,LGA,DCA,7,ontime,17:30,17:32,2
DL,LGA,DCA,7,ontime,18:30,18:42,12
DL,LGA,DCA,7,ontime,19:30,19:28,-2
DL,LGA,DCA,7,ontime,20:30,20:32,2
MQ,JFK,DCA,7,ontime,15:30,15:25,-5
MQ,JFK,DCA,7,ontime,6:00,5:52,-8
MQ,JFK,DCA,7,ontime,9:25,9:15,-10
MQ,JFK,DCA,7,delayed,18:30,20:15,105
MQ,LGA,DCA,7,delayed,13:00,12:55,-5
MQ,LGA,DCA,7,ontime,15:00,14:56,-4
MQ,LGA,DCA,7,ontime,17:00,16:52,-8
MQ,LGA,DCA,7,ontime,19:00,19:00,0
UA,LGA,IAD,7,ontime,8:50,8:48,-2
US,LGA,DCA,7,ontime,9:00,8:58,-2
US,LGA,DCA,7,ontime,10:00,9:57,-3
US,LGA,DCA,7,ontime,11:00,10:57,-3
US,LGA,DCA,7,ontime,12:00,12:02,2
US,LGA,DCA,7,ontime,13:00,12:58,-2
US,LGA,DCA,7,ontime,14:00,13:50,-10
US,LGA,DCA,7,ontime,15:00,14:52,-8
US,LGA,DCA,7,ontime,16:00,15:56,-4
US,LGA,DCA,7,ontime,17:00,16:57,-3
US,LGA,DCA,7,ontime,18:00,17:53,-7
US,LGA,DCA,7,ontime,19:00,18:56,-4
US,LGA,DCA,7,ontime,20:00,20:02,2
US,LGA,DCA,7,ontime,21:00,20:54,-6
RU,EWR,BWI,7,ontime,17:20,17:36,16
RU,EWR,BWI,7,ontime,10:30,10:29,-1
RU,EWR,BWI,7,ontime,13:15,13:10,-5
RU,EWR,BWI,7,ontime,14:55,14:50,-5
CO,EWR,DCA,7,ontime,19:00,18:51,-9
CO,EWR,DCA,7,ontime,13:00,12:55,-5
CO,EWR,DCA,7,ontime,16:30,16:23,-7
DH,EWR,IAD,7,ontime,8:40,8:35,-5
DH,EWR,IAD,7,ontime,17:10,17:00,-10
DH,EWR,IAD,7,ontime,12:45,12:41,-4
DH,EWR,IAD,7,ontime,21:20,21:13,-7
DH,EWR,IAD,7,delayed,14:30,15:31,61
RU,EWR,DCA,7,ontime,21:30,21:30,0
RU,EWR,IAD,7,ontime,8:45,8:44,-1
RU,EWR,IAD,7,ontime,17:00,16:56,-4
RU,EWR,DCA,7,ontime,17:30,17:23,-7
RU,EWR,DCA,7,ontime,13:59,13:56,-3
RU,EWR,DCA,7,ontime,9:30,9:26,-4
RU,EWR,IAD,7,ontime,15:00,15:01,1
RU,EWR,IAD,7,ontime,19:00,18:56,-4
OH,JFK,BWI,1,ontime,14:55,14:50,-5
DH,JFK,DCA,1,ontime,16:40,16:40,0
DH,LGA,IAD,1,ontime,12:45,12:44,-1
DH,LGA,IAD,1,ontime,14:55,14:42,-13
DH,LGA,IAD,1,ontime,17:15,17:09,-6
DH,LGA,IAD,1,ontime,21:20,21:12,-8
DH,LGA,IAD,1,delayed,6:40,6:41,1
DH,LGA,IAD,1,ontime,10:40,10:37,-3
DH,JFK,IAD,1,ontime,8:40,8:33,-7
DH,JFK,IAD,1,ontime,12:40,12:40,0
DH,JFK,IAD,1,delayed,14:55,15:35,40
DH,JFK,IAD,1,ontime,16:45,16:38,-7
DH,JFK,IAD,1,ontime,17:15,17:10,-5
DH,JFK,IAD,1,ontime,21:20,21:12,-8
DL,JFK,DCA,1,ontime,14:55,14:51,-4
DL,LGA,DCA,1,ontime,6:30,6:30,0
DL,LGA,DCA,1,ontime,7:30,7:33,3
DL,LGA,DCA,1,ontime,8:30,8:30,0
DL,LGA,DCA,1,delayed,9:30,10:04,34
DL,LGA,DCA,1,ontime,10:30,10:28,-2
DL,LGA,DCA,1,ontime,11:30,11:31,1
DL,LGA,DCA,1,ontime,12:30,12:30,0
DL,LGA,DCA,1,ontime,13:30,13:28,-2
DL,LGA,DCA,1,ontime,14:30,14:32,2
DL,LGA,DCA,1,ontime,15:30,15:29,-1
DL,LGA,DCA,1,ontime,16:30,16:30,0
DL,LGA,DCA,1,ontime,17:30,17:28,-2
DL,LGA,DCA,1,ontime,18:30,18:30,0
DL,LGA,DCA,1,ontime,19:30,19:29,-1
DL,LGA,DCA,1,ontime,20:30,20:29,-1
MQ,JFK,DCA,1,ontime,15:30,15:27,-3
MQ,JFK,DCA,1,ontime,6:00,5:53,-7
MQ,JFK,DCA,1,ontime,18:30,18:20,-10
MQ,LGA,DCA,1,delayed,7:00,6:54,-6
MQ,LGA,DCA,1,ontime,8:00,7:56,-4
MQ,LGA,DCA,1,ontime,9:00,8:55,-5
MQ,LGA,DCA,1,ontime,11:00,10:53,-7
MQ,LGA,DCA,1,ontime,13:00,12:58,-2
MQ,LGA,DCA,1,ontime,15:00,14:50,-10
MQ,LGA,DCA,1,ontime,16:00,15:52,-8
MQ,LGA,DCA,1,ontime,17:00,16:47,-13
MQ,LGA,DCA,1,ontime,19:00,19:03,3
UA,LGA,IAD,1,ontime,8:50,8:48,-2
US,LGA,DCA,1,ontime,6:30,6:28,-2
US,LGA,DCA,1,delayed,7:00,6:57,-3
US,LGA,DCA,1,ontime,8:00,7:58,-2
US,LGA,DCA,1,ontime,9:00,8:57,-3
US,LGA,DCA,1,ontime,10:00,9:55,-5
US,LGA,DCA,1,delayed,11:00,10:58,-2
US,LGA,DCA,1,ontime,12:00,11:56,-4
US,LGA,DCA,1,ontime,13:00,12:56,-4
US,LGA,DCA,1,ontime,14:00,13:58,-2
US,LGA,DCA,1,ontime,15:00,14:58,-2
US,LGA,DCA,1,ontime,16:00,15:59,-1
US,LGA,DCA,1,delayed,17:00,16:56,-4
US,LGA,DCA,1,ontime,18:00,17:56,-4
US,LGA,DCA,1,ontime,19:00,18:58,-2
US,LGA,DCA,1,ontime,20:00,19:58,-2
US,LGA,DCA,1,ontime,21:00,20:56,-4
RU,EWR,BWI,1,ontime,7:00,6:56,-4
RU,EWR,BWI,1,delayed,14:55,15:09,14
RU,EWR,BWI,1,ontime,17:20,17:20,0
RU,EWR,BWI,1,ontime,10:30,10:40,10
CO,EWR,DCA,1,ontime,7:35,7:29,-6
CO,EWR,DCA,1,ontime,13:00,12:57,-3
CO,EWR,DCA,1,delayed,17:30,17:32,2
CO,EWR,DCA,1,ontime,19:00,18:52,-8
DH,EWR,IAD,1,ontime,8:40,8:31,-9
DH,EWR,IAD,1,ontime,17:10,17:10,0
DH,EWR,IAD,1,delayed,12:45,13:59,74
DH,EWR,IAD,1,ontime,21:20,21:12,-8
DH,EWR,IAD,1,ontime,6:30,6:22,-8
DH,EWR,IAD,1,ontime,14:30,14:21,-9
RU,EWR,DCA,1,ontime,13:59,13:48,-11
RU,EWR,DCA,1,ontime,9:00,8:58,-2
RU,EWR,DCA,1,ontime,15:25,15:19,-6
RU,EWR,IAD,1,ontime,17:00,16:49,-11
RU,EWR,IAD,1,ontime,19:00,18:57,-3
RU,EWR,DCA,1,ontime,21:00,20:56,-4
RU,EWR,IAD,1,ontime,13:00,12:53,-7
RU,EWR,DCA,1,ontime,6:45,6:51,6
RU,EWR,DCA,1,ontime,16:30,16:22,-8
RU,EWR,IAD,1,ontime,7:00,6:57,-3
RU,EWR,IAD,1,ontime,15:00,14:56,-4
OH,JFK,BWI,2,ontime,14:55,14:53,-2
DH,JFK,DCA,2,ontime,16:40,16:39,-1
DH,LGA,IAD,2,ontime,12:45,12:38,-7
DH,LGA,IAD,2,delayed,17:15,19:22,127
DH,LGA,IAD,2,ontime,21:20,21:24,4
DH,LGA,IAD,2,delayed,6:40,6:55,15
DH,LGA,IAD,2,ontime,10:40,10:38,-2
DH,JFK,IAD,2,ontime,8:40,8:33,-7
DH,JFK,IAD,2,ontime,12:40,12:36,-4
DH,JFK,IAD,2,ontime,14:55,14:50,-5
DH,JFK,IAD,2,ontime,16:45,16:40,-5
DH,JFK,IAD,2,ontime,17:15,17:13,-2
DH,JFK,IAD,2,ontime,21:20,21:25,5
DH,JFK,IAD,2,delayed,16:10,16:42,32
DL,JFK,DCA,2,ontime,14:55,14:53,-2
DL,LGA,DCA,2,ontime,6:30,6:29,-1
DL,LGA,DCA,2,ontime,7:30,7:29,-1
DL,LGA,DCA,2,ontime,8:30,8:31,1
DL,LGA,DCA,2,ontime,9:30,9:29,-1
DL,LGA,DCA,2,ontime,10:30,10:29,-1
DL,LGA,DCA,2,ontime,11:30,11:28,-2
DL,LGA,DCA,2,ontime,12:30,12:28,-2
DL,LGA,DCA,2,ontime,13:30,13:29,-1
DL,LGA,DCA,2,ontime,14:30,14:29,-1
DL,LGA,DCA,2,ontime,15:30,15:29,-1
DL,LGA,DCA,2,delayed,16:30,16:34,4
DL,LGA,DCA,2,ontime,17:30,17:33,3
DL,LGA,DCA,2,ontime,18:30,18:30,0
DL,LGA,DCA,2,ontime,19:30,19:30,0
DL,LGA,DCA,2,delayed,20:30,20:28,-2
MQ,JFK,DCA,2,ontime,15:30,15:16,-14
MQ,JFK,DCA,2,ontime,6:00,5:53,-7
MQ,JFK,DCA,2,delayed,18:30,18:51,21
MQ,LGA,DCA,2,ontime,7:00,6:50,-10
MQ,LGA,DCA,2,ontime,8:00,7:55,-5
MQ,LGA,DCA,2,ontime,9:00,8:51,-9
MQ,LGA,DCA,2,ontime,11:00,10:50,-10
MQ,LGA,DCA,2,ontime,13:00,12:48,-12
MQ,LGA,DCA,2,ontime,14:00,14:01,1
MQ,LGA,DCA,2,ontime,15:00,14:53,-7
MQ,LGA,DCA,2,delayed,16:00,17:00,60
MQ,LGA,DCA,2,delayed,17:00,18:11,71
MQ,LGA,DCA,2,delayed,19:00,20:07,67
UA,LGA,IAD,2,ontime,8:50,8:45,-5
US,LGA,DCA,2,ontime,6:30,6:29,-1
US,LGA,DCA,2,ontime,7:00,6:58,-2
US,LGA,DCA,2,ontime,8:00,7:56,-4
US,LGA,DCA,2,ontime,9:00,8:57,-3
US,LGA,DCA,2,ontime,10:00,9:58,-2
US,LGA,DCA,2,ontime,11:00,10:57,-3
US,LGA,DCA,2,ontime,12:00,11:56,-4
US,LGA,DCA,2,ontime,13:00,12:55,-5
US,LGA,DCA,2,ontime,14:00,13:59,-1
US,LGA,DCA,2,ontime,15:00,14:59,-1
US,LGA,DCA,2,delayed,16:00,15:58,-2
US,LGA,DCA,2,ontime,17:00,17:06,6
US,LGA,DCA,2,ontime,18:00,17:59,-1
US,LGA,DCA,2,ontime,19:00,18:57,-3
US,LGA,DCA,2,ontime,20:00,19:56,-4
US,LGA,DCA,2,ontime,21:00,20:56,-4
RU,EWR,BWI,2,ontime,10:30,10:25,-5
RU,EWR,BWI,2,delayed,17:20,18:31,71
RU,EWR,BWI,2,ontime,7:00,6:53,-7
RU,EWR,BWI,2,delayed,14:55,15:37,42
CO,EWR,DCA,2,ontime,7:35,7:29,-6
CO,EWR,DCA,2,delayed,17:30,18:16,46
CO,EWR,DCA,2,delayed,19:00,19:24,24
CO,EWR,DCA,2,ontime,13:00,12:58,-2
DH,EWR,IAD,2,ontime,8:40,8:36,-4
DH,EWR,IAD,2,ontime,17:10,17:08,-2
DH,EWR,IAD,2,ontime,12:45,12:37,-8
DH,EWR,IAD,2,ontime,21:20,21:15,-5
DH,EWR,IAD,2,ontime,6:30,6:26,-4
DH,EWR,IAD,2,delayed,14:30,17:40,190
RU,EWR,IAD,2,ontime,13:00,12:55,-5
RU,EWR,IAD,2,ontime,7:00,6:55,-5
RU,EWR,IAD,2,ontime,15:00,14:56,-4
RU,EWR,IAD,2,ontime,17:00,16:55,-5
RU,EWR,DCA,2,ontime,13:59,13:55,-4
RU,EWR,IAD,2,delayed,19:00,19:27,27
RU,EWR,DCA,2,ontime,15:25,15:19,-6
RU,EWR,DCA,2,ontime,6:45,6:41,-4
RU,EWR,DCA,2,ontime,16:30,16:25,-5
RU,EWR,DCA,2,ontime,9:00,8:55,-5
RU,EWR,DCA,2,ontime,21:00,20:55,-5
OH,JFK,BWI,3,ontime,14:55,15:00,5
DH,JFK,DCA,3,ontime,16:40,16:30,-10
DH,LGA,IAD,3,ontime,12:45,12:43,-2
DH,LGA,IAD,3,ontime,17:15,17:22,7
DH,LGA,IAD,3,ontime,21:20,21:18,-2
DH,LGA,IAD,3,ontime,6:40,6:40,0
DH,LGA,IAD,3,ontime,10:40,10:34,-6
DH,JFK,IAD,3,ontime,8:40,8:44,4
DH,JFK,IAD,3,ontime,12:40,12:43,3
DH,JFK,IAD,3,ontime,14:55,14:50,-5
DH,JFK,IAD,3,ontime,16:45,16:40,-5
DH,JFK,IAD,3,ontime,17:15,17:14,-1
DH,JFK,IAD,3,ontime,21:20,21:19,-1
DH,JFK,IAD,3,ontime,16:10,16:31,21
DL,JFK,DCA,3,ontime,14:55,14:54,-1
DL,LGA,DCA,3,ontime,6:30,6:31,1
DL,LGA,DCA,3,ontime,7:30,7:30,0
DL,LGA,DCA,3,ontime,8:30,8:29,-1
DL,LGA,DCA,3,ontime,9:30,9:29,-1
DL,LGA,DCA,3,ontime,10:30,10:29,-1
DL,LGA,DCA,3,delayed,11:30,11:32,2
DL,LGA,DCA,3,ontime,12:30,12:30,0
DL,LGA,DCA,3,ontime,13:30,13:29,-1
DL,LGA,DCA,3,ontime,14:30,14:31,1
DL,LGA,DCA,3,delayed,15:30,15:30,0
DL,LGA,DCA,3,ontime,16:30,16:31,1
DL,LGA,DCA,3,ontime,17:30,17:28,-2
DL,LGA,DCA,3,ontime,18:30,18:29,-1
DL,LGA,DCA,3,delayed,19:30,19:28,-2
DL,LGA,DCA,3,delayed,20:30,20:30,0
MQ,JFK,DCA,3,ontime,15:30,15:26,-4
MQ,JFK,DCA,3,ontime,6:00,5:53,-7
MQ,JFK,DCA,3,ontime,18:30,18:25,-5
MQ,LGA,DCA,3,delayed,7:00,6:57,-3
MQ,LGA,DCA,3,ontime,8:00,7:57,-3
MQ,LGA,DCA,3,ontime,9:00,8:53,-7
MQ,LGA,DCA,3,delayed,11:00,11:11,11
MQ,LGA,DCA,3,ontime,13:00,12:55,-5
MQ,LGA,DCA,3,ontime,15:00,14:54,-6
MQ,LGA,DCA,3,ontime,16:00,16:12,12
MQ,LGA,DCA,3,ontime,17:00,16:58,-2
MQ,LGA,DCA,3,ontime,19:00,19:17,17
UA,LGA,IAD,3,ontime,8:50,8:47,-3
US,LGA,DCA,3,ontime,6:30,6:27,-3
US,LGA,DCA,3,ontime,7:00,6:57,-3
US,LGA,DCA,3,ontime,8:00,7:57,-3
US,LGA,DCA,3,ontime,9:00,8:56,-4
US,LGA,DCA,3,ontime,10:00,10:01,1
US,LGA,DCA,3,ontime,11:00,10:57,-3
US,LGA,DCA,3,ontime,12:00,11:57,-3
US,LGA,DCA,3,ontime,13:00,12:57,-3
US,LGA,DCA,3,ontime,14:00,13:56,-4
US,LGA,DCA,3,ontime,15:00,15:00,0
US,LGA,DCA,3,ontime,16:00,15:59,-1
US,LGA,DCA,3,ontime,17:00,16:53,-7
US,LGA,DCA,3,ontime,18:00,17:57,-3
US,LGA,DCA,3,ontime,19:00,18:58,-2
US,LGA,DCA,3,delayed,20:00,19:59,-1
US,LGA,DCA,3,ontime,21:00,20:59,-1
RU,EWR,BWI,3,ontime,7:00,6:55,-5
RU,EWR,BWI,3,ontime,14:55,14:49,-6
RU,EWR,BWI,3,ontime,17:20,17:22,2
RU,EWR,BWI,3,ontime,10:30,10:35,5
CO,EWR,DCA,3,ontime,13:00,12:57,-3
CO,EWR,DCA,3,ontime,19:00,19:15,15
CO,EWR,DCA,3,ontime,7:35,7:31,-4
CO,EWR,DCA,3,delayed,17:30,17:45,15
DH,EWR,IAD,3,ontime,8:40,8:48,8
DH,EWR,IAD,3,ontime,17:10,17:03,-7
DH,EWR,IAD,3,ontime,12:45,12:45,0
DH,EWR,IAD,3,delayed,21:20,23:30,130
DH,EWR,IAD,3,ontime,6:30,6:29,-1
DH,EWR,IAD,3,delayed,14:30,15:02,32
RU,EWR,IAD,3,ontime,7:00,6:56,-4
RU,EWR,IAD,3,ontime,17:00,17:03,3
RU,EWR,DCA,3,ontime,9:00,8:56,-4
RU,EWR,DCA,3,ontime,13:59,13:55,-4
RU,EWR,DCA,3,ontime,6:45,6:43,-2
RU,EWR,IAD,3,ontime,15:00,14:56,-4
RU,EWR,DCA,3,ontime,16:30,16:25,-5
RU,EWR,IAD,3,ontime,19:00,18:58,-2
RU,EWR,IAD,3,ontime,13:00,12:55,-5
RU,EWR,DCA,3,ontime,15:25,15:24,-1
RU,EWR,DCA,3,ontime,21:00,21:00,0
OH,JFK,BWI,4,ontime,14:55,14:55,0
DH,JFK,DCA,4,ontime,16:40,16:37,-3
DH,LGA,IAD,4,ontime,12:45,13:10,25
DH,LGA,IAD,4,delayed,14:55,15:45,50
DH,LGA,IAD,4,delayed,21:20,21:33,13
DH,JFK,IAD,4,ontime,8:40,8:58,18
DH,JFK,IAD,4,ontime,12:40,12:36,-4
DH,JFK,IAD,4,ontime,14:55,15:02,7
DH,JFK,IAD,4,ontime,16:45,16:44,-1
DH,JFK,IAD,4,ontime,17:15,17:14,-1
DH,JFK,IAD,4,ontime,21:20,21:38,18
DH,JFK,IAD,4,ontime,16:10,16:05,-5
DL,JFK,DCA,4,ontime,14:55,15:01,6
DL,LGA,DCA,4,ontime,6:30,6:30,0
DL,LGA,DCA,4,delayed,7:30,7:29,-1
DL,LGA,DCA,4,ontime,9:30,9:43,13
DL,LGA,DCA,4,ontime,11:30,11:30,0
DL,LGA,DCA,4,ontime,13:30,13:30,0
DL,LGA,DCA,4,ontime,14:30,14:28,-2
DL,LGA,DCA,4,ontime,15:30,15:30,0
DL,LGA,DCA,4,ontime,16:30,16:30,0
DL,LGA,DCA,4,ontime,17:30,17:36,6
DL,LGA,DCA,4,ontime,18:30,18:31,1
DL,LGA,DCA,4,delayed,19:30,19:28,-2
DL,LGA,DCA,4,delayed,20:30,20:29,-1
MQ,JFK,DCA,4,ontime,15:30,15:23,-7
MQ,JFK,DCA,4,ontime,6:00,5:53,-7
MQ,JFK,DCA,4,ontime,18:30,18:34,4
MQ,LGA,DCA,4,delayed,8:00,8:00,0
MQ,LGA,DCA,4,ontime,11:00,10:50,-10
MQ,LGA,DCA,4,delayed,13:00,13:41,41
MQ,LGA,DCA,4,ontime,14:00,14:00,0
MQ,LGA,DCA,4,ontime,15:00,15:19,19
MQ,LGA,DCA,4,delayed,16:00,16:43,43
MQ,LGA,DCA,4,delayed,17:00,17:58,58
MQ,LGA,DCA,4,delayed,19:00,20:12,72
UA,LGA,IAD,4,delayed,8:50,9:55,65
US,LGA,DCA,4,delayed,6:30,6:27,-3
US,LGA,DCA,4,ontime,8:00,8:15,15
US,LGA,DCA,4,delayed,9:00,10:19,79
US,LGA,DCA,4,ontime,11:00,10:58,-2
US,LGA,DCA,4,ontime,12:00,11:58,-2
US,LGA,DCA,4,ontime,14:00,13:58,-2
US,LGA,DCA,4,ontime,15:00,14:58,-2
US,LGA,DCA,4,ontime,16:00,15:59,-1
US,LGA,DCA,4,ontime,17:00,17:01,1
US,LGA,DCA,4,ontime,18:00,17:59,-1
US,LGA,DCA,4,delayed,19:00,18:58,-2
US,LGA,DCA,4,delayed,21:00,20:56,-4
RU,EWR,BWI,4,ontime,14:55,14:50,-5
RU,EWR,BWI,4,delayed,10:30,10:27,-3
RU,EWR,BWI,4,delayed,17:20,18:11,51
CO,EWR,DCA,4,delayed,7:35,8:15,40
CO,EWR,DCA,4,delayed,19:00,19:51,51
CO,EWR,DCA,4,ontime,13:00,12:56,-4
DH,EWR,IAD,4,ontime,8:40,8:35,-5
DH,EWR,IAD,4,ontime,12:45,12:37,-8
DH,EWR,IAD,4,ontime,21:20,21:16,-4
DH,EWR,IAD,4,ontime,6:30,6:23,-7
RU,EWR,DCA,4,ontime,6:45,6:43,-2
RU,EWR,IAD,4,delayed,19:00,19:52,52
RU,EWR,IAD,4,delayed,7:00,6:54,-6
RU,EWR,IAD,4,delayed,13:00,13:45,45
RU,EWR,DCA,4,ontime,16:30,16:46,16
RU,EWR,DCA,4,ontime,15:25,15:25,0
RU,EWR,IAD,4,ontime,15:00,15:04,4
RU,EWR,DCA,4,delayed,21:00,21:40,40
RU,EWR,DCA,4,delayed,9:00,9:56,56
RU,EWR,DCA,4,ontime,13:59,13:59,0
OH,JFK,BWI,5,ontime,14:55,14:55,0
DH,JFK,DCA,5,ontime,16:40,16:48,8
DH,LGA,IAD,5,delayed,14:55,15:45,50
DH,LGA,IAD,5,delayed,17:15,19:52,157
DH,LGA,IAD,5,ontime,21:20,21:17,-3
DH,LGA,IAD,5,ontime,6:40,6:40,0
DH,JFK,IAD,5,ontime,8:40,8:40,0
DH,JFK,IAD,5,ontime,12:40,12:46,6
DH,JFK,IAD,5,ontime,14:55,14:54,-1
DH,JFK,IAD,5,ontime,16:45,16:53,8
DH,JFK,IAD,5,ontime,17:15,17:09,-6
DH,JFK,IAD,5,ontime,21:20,21:27,7
DH,JFK,IAD,5,ontime,16:10,16:07,-3
DL,JFK,DCA,5,delayed,14:55,15:00,5
DL,LGA,DCA,5,ontime,6:30,6:30,0
DL,LGA,DCA,5,ontime,7:30,7:39,9
DL,LGA,DCA,5,delayed,8:30,8:29,-1
DL,LGA,DCA,5,ontime,9:30,9:29,-1
DL,LGA,DCA,5,delayed,10:30,10:40,10
DL,LGA,DCA,5,ontime,11:30,11:29,-1
DL,LGA,DCA,5,ontime,12:30,12:28,-2
DL,LGA,DCA,5,ontime,13:30,13:31,1
DL,LGA,DCA,5,ontime,14:30,14:29,-1
DL,LGA,DCA,5,ontime,15:30,15:32,2
DL,LGA,DCA,5,ontime,16:30,16:30,0
DL,LGA,DCA,5,ontime,17:30,17:28,-2
DL,LGA,DCA,5,ontime,18:30,18:30,0
DL,LGA,DCA,5,ontime,19:30,19:31,1
DL,LGA,DCA,5,ontime,20:30,20:28,-2
MQ,JFK,DCA,5,ontime,15:30,15:22,-8
MQ,JFK,DCA,5,ontime,6:00,5:53,-7
MQ,JFK,DCA,5,delayed,18:30,20:19,109
MQ,LGA,DCA,5,delayed,8:00,7:47,-13
MQ,LGA,DCA,5,delayed,9:00,8:56,-4
MQ,LGA,DCA,5,delayed,11:00,12:17,77
MQ,LGA,DCA,5,delayed,13:00,13:15,15
MQ,LGA,DCA,5,delayed,14:00,14:29,29
MQ,LGA,DCA,5,delayed,16:00,17:05,65
MQ,LGA,DCA,5,delayed,17:00,17:29,29
MQ,LGA,DCA,5,delayed,19:00,20:06,66
UA,LGA,IAD,5,delayed,8:50,9:55,65
US,LGA,DCA,5,ontime,6:30,6:28,-2
US,LGA,DCA,5,ontime,7:00,6:57,-3
US,LGA,DCA,5,ontime,8:00,7:56,-4
US,LGA,DCA,5,delayed,9:00,8:59,-1
US,LGA,DCA,5,ontime,10:00,9:58,-2
US,LGA,DCA,5,ontime,11:00,10:59,-1
US,LGA,DCA,5,ontime,12:00,11:51,-9
US,LGA,DCA,5,ontime,13:00,12:58,-2
US,LGA,DCA,5,ontime,14:00,13:56,-4
US,LGA,DCA,5,ontime,15:00,14:57,-3
US,LGA,DCA,5,ontime,16:00,15:58,-2
US,LGA,DCA,5,ontime,17:00,16:58,-2
US,LGA,DCA,5,ontime,18:00,17:58,-2
US,LGA,DCA,5,delayed,19:00,19:00,0
US,LGA,DCA,5,ontime,20:00,20:00,0
US,LGA,DCA,5,ontime,21:00,20:57,-3
RU,EWR,BWI,5,delayed,17:20,18:49,89
RU,EWR,BWI,5,delayed,10:30,10:53,23
RU,EWR,BWI,5,delayed,14:55,16:00,65
RU,EWR,BWI,5,ontime,7:00,6:54,-6
CO,EWR,DCA,5,delayed,13:00,14:23,83
CO,EWR,DCA,5,delayed,17:30,19:12,102
CO,EWR,DCA,5,ontime,7:35,7:29,-6
DH,EWR,IAD,5,ontime,8:40,8:34,-6
DH,EWR,IAD,5,ontime,17:10,17:11,1
DH,EWR,IAD,5,ontime,12:45,12:49,4
DH,EWR,IAD,5,ontime,21:20,21:20,0
DH,EWR,IAD,5,delayed,6:30,7:00,30
RU,EWR,IAD,5,delayed,15:00,16:02,62
RU,EWR,DCA,5,ontime,6:45,6:43,-2
RU,EWR,DCA,5,delayed,15:25,16:22,57
RU,EWR,DCA,5,delayed,13:59,15:49,110
RU,EWR,DCA,5,delayed,16:30,17:53,83
RU,EWR,IAD,5,delayed,13:00,14:21,81
RU,EWR,DCA,5,ontime,9:00,8:59,-1
RU,EWR,IAD,5,delayed,19:00,20:45,105
RU,EWR,IAD,5,ontime,7:00,6:57,-3
RU,EWR,DCA,5,ontime,21:00,20:50,-10
RU,EWR,IAD,5,delayed,17:00,18:27,87
OH,JFK,BWI,6,ontime,14:55,14:55,0
DH,JFK,DCA,6,ontime,16:40,16:37,-3
DH,LGA,IAD,6,ontime,12:45,12:44,-1
DH,LGA,IAD,6,ontime,17:15,17:14,-1
DH,LGA,IAD,6,delayed,21:20,22:30,70
DH,JFK,IAD,6,ontime,8:40,8:53,13
DH,JFK,IAD,6,ontime,12:40,12:36,-4
DH,JFK,IAD,6,ontime,16:45,16:41,-4
DH,JFK,IAD,6,delayed,17:15,17:20,5
DH,JFK,IAD,6,delayed,21:20,21:36,16
DH,JFK,IAD,6,delayed,18:00,18:08,8
DL,JFK,DCA,6,delayed,14:55,15:09,14
DL,LGA,DCA,6,ontime,7:30,7:27,-3
DL,LGA,DCA,6,ontime,8:30,8:28,-2
DL,LGA,DCA,6,ontime,10:30,10:28,-2
DL,LGA,DCA,6,ontime,14:30,14:30,0
DL,LGA,DCA,6,delayed,16:30,17:08,38
DL,LGA,DCA,6,ontime,18:30,18:29,-1
DL,LGA,DCA,6,ontime,20:30,20:26,-4
MQ,JFK,DCA,6,ontime,15:30,15:29,-1
MQ,JFK,DCA,6,ontime,6:00,5:54,-6
MQ,JFK,DCA,6,ontime,18:30,18:27,-3
MQ,LGA,DCA,6,ontime,9:00,8:55,-5
MQ,LGA,DCA,6,ontime,13:00,12:47,-13
UA,LGA,IAD,6,ontime,8:50,8:49,-1
US,LGA,DCA,6,ontime,7:00,6:54,-6
US,LGA,DCA,6,ontime,9:00,8:59,-1
US,LGA,DCA,6,ontime,11:00,11:00,0
US,LGA,DCA,6,ontime,13:00,12:59,-1
US,LGA,DCA,6,ontime,15:00,14:56,-4
US,LGA,DCA,6,ontime,17:00,16:58,-2
US,LGA,DCA,6,ontime,19:00,18:54,-6
RU,EWR,BWI,6,ontime,17:20,17:17,-3
RU,EWR,BWI,6,ontime,14:55,14:45,-10
RU,EWR,BWI,6,ontime,10:30,10:28,-2
RU,EWR,BWI,6,ontime,7:00,6:58,-2
CO,EWR,DCA,6,ontime,13:00,12:58,-2
DH,EWR,IAD,6,ontime,8:40,8:35,-5
DH,EWR,IAD,6,ontime,17:10,17:00,-10
DH,EWR,IAD,6,ontime,12:45,12:40,-5
DH,EWR,IAD,6,delayed,21:20,21:19,-1
RU,EWR,IAD,6,ontime,7:00,6:58,-2
RU,EWR,DCA,6,ontime,16:00,16:01,1
RU,EWR,DCA,6,ontime,17:30,17:27,-3
RU,EWR,DCA,6,ontime,13:59,13:51,-8
RU,EWR,IAD,6,ontime,15:00,14:57,-3
RU,EWR,DCA,6,ontime,9:30,9:24,-6
RU,EWR,IAD,6,ontime,17:00,16:55,-5
RU,EWR,DCA,6,ontime,6:45,6:41,-4
OH,JFK,BWI,7,ontime,14:55,14:55,0
DH,JFK,DCA,7,delayed,16:40,16:59,19
DH,LGA,IAD,7,ontime,12:45,13:02,17
DH,LGA,IAD,7,delayed,14:55,15:26,31
DH,LGA,IAD,7,delayed,17:15,18:02,47
DH,LGA,IAD,7,ontime,21:20,21:10,-10
DH,JFK,IAD,7,ontime,8:40,8:33,-7
DH,JFK,IAD,7,ontime,12:40,12:49,9
DH,JFK,IAD,7,delayed,14:55,15:39,44
DH,JFK,IAD,7,ontime,16:45,16:46,1
DH,JFK,IAD,7,delayed,17:15,17:09,-6
DH,JFK,IAD,7,ontime,21:20,21:11,-9
DH,JFK,IAD,7,delayed,16:10,17:06,56
DL,JFK,DCA,7,delayed,14:55,15:55,60
DL,LGA,DCA,7,ontime,8:30,8:30,0
DL,LGA,DCA,7,ontime,10:30,10:29,-1
DL,LGA,DCA,7,delayed,12:30,12:30,0
DL,LGA,DCA,7,ontime,14:30,14:30,0
DL,LGA,DCA,7,ontime,16:30,16:32,2
DL,LGA,DCA,7,delayed,18:30,18:43,13
DL,LGA,DCA,7,ontime,20:30,20:29,-1
MQ,JFK,DCA,7,delayed,15:30,15:49,19
MQ,JFK,DCA,7,delayed,6:00,5:52,-8
MQ,JFK,DCA,7,ontime,9:25,9:19,-6
MQ,JFK,DCA,7,delayed,18:30,20:23,113
MQ,LGA,DCA,7,delayed,13:00,13:30,30
MQ,LGA,DCA,7,delayed,15:00,15:40,40
MQ,LGA,DCA,7,delayed,17:00,18:18,78
MQ,LGA,DCA,7,delayed,19:00,20:04,64
UA,LGA,IAD,7,ontime,8:50,8:48,-2
US,LGA,DCA,7,ontime,9:00,8:58,-2
US,LGA,DCA,7,ontime,10:00,9:54,-6
US,LGA,DCA,7,ontime,11:00,11:02,2
US,LGA,DCA,7,ontime,12:00,11:59,-1
US,LGA,DCA,7,delayed,13:00,12:57,-3
US,LGA,DCA,7,ontime,14:00,13:56,-4
US,LGA,DCA,7,delayed,16:00,15:55,-5
US,LGA,DCA,7,ontime,18:00,17:57,-3
US,LGA,DCA,7,ontime,19:00,18:55,-5
US,LGA,DCA,7,ontime,20:00,19:57,-3
US,LGA,DCA,7,ontime,21:00,20:55,-5
RU,EWR,BWI,7,delayed,10:30,10:57,27
RU,EWR,BWI,7,delayed,13:15,13:14,-1
RU,EWR,BWI,7,delayed,14:55,15:28,33
CO,EWR,DCA,7,ontime,13:00,12:58,-2
CO,EWR,DCA,7,delayed,16:30,17:54,84
CO,EWR,DCA,7,delayed,19:00,19:59,59
DH,EWR,IAD,7,ontime,8:40,8:34,-6
DH,EWR,IAD,7,delayed,17:10,19:00,110
DH,EWR,IAD,7,delayed,12:45,12:46,1
DH,EWR,IAD,7,ontime,21:20,21:17,-3
RU,EWR,IAD,7,delayed,15:00,16:30,90
RU,EWR,DCA,7,delayed,13:59,16:22,143
RU,EWR,IAD,7,ontime,8:45,8:41,-4
RU,EWR,DCA,7,ontime,9:30,9:25,-5
OH,JFK,BWI,1,ontime,14:55,14:55,0
DH,JFK,DCA,1,ontime,16:40,16:36,-4
DH,LGA,IAD,1,ontime,12:45,13:03,18
DH,LGA,IAD,1,ontime,14:55,14:45,-10
DH,LGA,IAD,1,ontime,17:15,17:09,-6
DH,LGA,IAD,1,delayed,6:40,8:47,127
DH,LGA,IAD,1,ontime,10:40,10:35,-5
DH,JFK,IAD,1,ontime,8:40,8:33,-7
DH,JFK,IAD,1,ontime,12:40,12:37,-3
DH,JFK,IAD,1,ontime,14:55,14:54,-1
DH,JFK,IAD,1,ontime,16:45,16:41,-4
DH,JFK,IAD,1,ontime,17:15,17:10,-5
DH,JFK,IAD,1,ontime,21:20,21:21,1
DH,JFK,IAD,1,ontime,16:10,16:03,-7
DL,JFK,DCA,1,delayed,14:55,15:06,11
DL,LGA,DCA,1,ontime,7:30,7:31,1
DL,LGA,DCA,1,ontime,8:30,8:42,12
DL,LGA,DCA,1,ontime,10:30,10:29,-1
DL,LGA,DCA,1,ontime,12:30,12:31,1
DL,LGA,DCA,1,ontime,14:30,14:31,1
DL,LGA,DCA,1,ontime,15:30,15:30,0
DL,LGA,DCA,1,ontime,16:30,16:30,0
DL,LGA,DCA,1,ontime,18:30,18:29,-1
DL,LGA,DCA,1,ontime,19:30,19:30,0
DL,LGA,DCA,1,ontime,20:30,20:29,-1
MQ,JFK,DCA,1,ontime,15:30,15:36,6
MQ,JFK,DCA,1,ontime,6:00,5:53,-7
MQ,JFK,DCA,1,delayed,18:30,18:46,16
MQ,LGA,DCA,1,delayed,7:00,7:58,58
MQ,LGA,DCA,1,delayed,8:00,8:22,22
MQ,LGA,DCA,1,ontime,9:00,8:58,-2
MQ,LGA,DCA,1,ontime,11:00,11:00,0
MQ,LGA,DCA,1,ontime,13:00,12:53,-7
MQ,LGA,DCA,1,ontime,14:00,13:56,-4
MQ,LGA,DCA,1,delayed,15:00,15:34,34
MQ,LGA,DCA,1,ontime,16:00,15:59,-1
MQ,LGA,DCA,1,ontime,17:00,17:17,17
MQ,LGA,DCA,1,delayed,19:00,19:37,37
UA,LGA,IAD,1,ontime,8:50,8:46,-4
US,LGA,DCA,1,ontime,6:30,6:27,-3
US,LGA,DCA,1,ontime,7:00,6:56,-4
US,LGA,DCA,1,ontime,8:00,7:58,-2
US,LGA,DCA,1,ontime,9:00,8:58,-2
US,LGA,DCA,1,ontime,10:00,9:55,-5
US,LGA,DCA,1,ontime,11:00,10:59,-1
US,LGA,DCA,1,ontime,12:00,11:57,-3
US,LGA,DCA,1,ontime,13:00,12:56,-4
US,LGA,DCA,1,ontime,14:00,13:53,-7
US,LGA,DCA,1,ontime,15:00,14:56,-4
US,LGA,DCA,1,ontime,16:00,15:58,-2
US,LGA,DCA,1,ontime,17:00,16:56,-4
US,LGA,DCA,1,ontime,18:00,17:55,-5
US,LGA,DCA,1,ontime,19:00,18:55,-5
US,LGA,DCA,1,ontime,20:00,19:56,-4
US,LGA,DCA,1,ontime,21:00,20:57,-3
RU,EWR,BWI,1,ontime,17:20,17:10,-10
RU,EWR,BWI,1,ontime,10:30,10:28,-2
RU,EWR,BWI,1,ontime,7:00,6:54,-6
RU,EWR,BWI,1,ontime,14:55,14:51,-4
CO,EWR,DCA,1,delayed,17:30,17:32,2
CO,EWR,DCA,1,ontime,13:00,12:53,-7
CO,EWR,DCA,1,ontime,7:35,7:28,-7
CO,EWR,DCA,1,ontime,19:00,18:57,-3
DH,EWR,IAD,1,ontime,8:40,8:32,-8
DH,EWR,IAD,1,ontime,17:10,17:05,-5
DH,EWR,IAD,1,ontime,12:45,12:37,-8
DH,EWR,IAD,1,delayed,21:20,23:00,100
DH,EWR,IAD,1,ontime,6:30,6:27,-3
DH,EWR,IAD,1,ontime,14:30,14:27,-3
RU,EWR,IAD,1,delayed,19:00,20:51,111
RU,EWR,IAD,1,ontime,13:00,12:58,-2
RU,EWR,DCA,1,ontime,6:45,6:45,0
RU,EWR,DCA,1,ontime,15:25,15:30,5
RU,EWR,IAD,1,ontime,7:00,6:56,-4
RU,EWR,IAD,1,ontime,17:00,16:59,-1
RU,EWR,IAD,1,ontime,15:00,14:55,-5
RU,EWR,DCA,1,ontime,16:30,16:28,-2
RU,EWR,DCA,1,ontime,13:59,13:55,-4
RU,EWR,DCA,1,ontime,9:00,8:55,-5
RU,EWR,DCA,1,ontime,21:00,20:52,-8
OH,JFK,BWI,2,ontime,14:55,15:00,5
DH,JFK,DCA,2,ontime,16:40,16:37,-3
DH,LGA,IAD,2,ontime,12:45,13:00,15
DH,LGA,IAD,2,ontime,14:55,14:55,0
DH,LGA,IAD,2,ontime,17:15,17:25,10
DH,LGA,IAD,2,ontime,21:20,21:43,23
DH,LGA,IAD,2,ontime,6:40,6:35,-5
DH,LGA,IAD,2,ontime,10:40,10:33,-7
DH,JFK,IAD,2,ontime,8:40,8:35,-5
DH,JFK,IAD,2,delayed,12:40,13:51,71
DH,JFK,IAD,2,ontime,14:55,14:46,-9
DH,JFK,IAD,2,ontime,16:45,16:43,-2
DH,JFK,IAD,2,ontime,17:15,17:06,-9
DH,JFK,IAD,2,ontime,21:20,21:18,-2
DH,JFK,IAD,2,ontime,16:10,16:32,22
DL,JFK,DCA,2,delayed,14:55,15:14,19
DL,LGA,DCA,2,ontime,6:30,6:29,-1
DL,LGA,DCA,2,ontime,7:30,7:29,-1
DL,LGA,DCA,2,ontime,8:30,8:39,9
DL,LGA,DCA,2,ontime,9:30,9:29,-1
DL,LGA,DCA,2,ontime,10:30,10:29,-1
DL,LGA,DCA,2,ontime,11:30,11:29,-1
DL,LGA,DCA,2,ontime,12:30,12:27,-3
DL,LGA,DCA,2,ontime,13:30,13:29,-1
DL,LGA,DCA,2,ontime,14:30,14:30,0
DL,LGA,DCA,2,ontime,15:30,15:31,1
DL,LGA,DCA,2,delayed,16:30,17:17,47
DL,LGA,DCA,2,ontime,17:30,17:31,1
DL,LGA,DCA,2,ontime,18:30,18:31,1
DL,LGA,DCA,2,ontime,19:30,19:30,0
DL,LGA,DCA,2,ontime,20:30,20:29,-1
MQ,JFK,DCA,2,ontime,15:30,15:22,-8
MQ,JFK,DCA,2,ontime,6:00,5:48,-12
MQ,JFK,DCA,2,ontime,18:30,18:23,-7
MQ,LGA,DCA,2,ontime,7:00,6:53,-7
MQ,LGA,DCA,2,ontime,8:00,7:59,-1
MQ,LGA,DCA,2,ontime,9:00,8:50,-10
MQ,LGA,DCA,2,ontime,11:00,10:57,-3
MQ,LGA,DCA,2,ontime,13:00,12:55,-5
MQ,LGA,DCA,2,ontime,14:00,13:50,-10
MQ,LGA,DCA,2,ontime,15:00,14:58,-2
MQ,LGA,DCA,2,ontime,16:00,15:51,-9
MQ,LGA,DCA,2,delayed,19:00,20:04,64
UA,LGA,IAD,2,ontime,8:50,8:44,-6
US,LGA,DCA,2,ontime,6:30,6:26,-4
US,LGA,DCA,2,ontime,7:00,6:58,-2
US,LGA,DCA,2,ontime,8:00,7:58,-2
US,LGA,DCA,2,ontime,9:00,8:59,-1
US,LGA,DCA,2,ontime,10:00,9:57,-3
US,LGA,DCA,2,ontime,11:00,10:55,-5
US,LGA,DCA,2,ontime,12:00,11:56,-4
US,LGA,DCA,2,ontime,13:00,12:58,-2
US,LGA,DCA,2,ontime,14:00,13:57,-3
US,LGA,DCA,2,ontime,15:00,14:56,-4
US,LGA,DCA,2,ontime,16:00,15:54,-6
US,LGA,DCA,2,ontime,17:00,16:57,-3
US,LGA,DCA,2,ontime,18:00,17:58,-2
US,LGA,DCA,2,ontime,19:00,18:58,-2
US,LGA,DCA,2,ontime,20:00,19:57,-3
US,LGA,DCA,2,ontime,21:00,20:57,-3
RU,EWR,BWI,2,ontime,14:55,14:53,-2
RU,EWR,BWI,2,ontime,10:30,10:27,-3
RU,EWR,BWI,2,delayed,17:20,17:23,3
RU,EWR,BWI,2,ontime,7:00,6:55,-5
CO,EWR,DCA,2,ontime,19:00,18:56,-4
CO,EWR,DCA,2,ontime,17:30,17:23,-7
CO,EWR,DCA,2,ontime,13:00,12:50,-10
CO,EWR,DCA,2,ontime,7:35,7:29,-6
DH,EWR,IAD,2,ontime,8:40,8:35,-5
DH,EWR,IAD,2,ontime,17:10,17:00,-10
DH,EWR,IAD,2,ontime,12:45,12:36,-9
DH,EWR,IAD,2,ontime,21:20,21:13,-7
DH,EWR,IAD,2,ontime,6:30,6:25,-5
DH,EWR,IAD,2,ontime,14:30,14:26,-4
RU,EWR,DCA,2,ontime,16:30,16:24,-6
RU,EWR,DCA,2,ontime,21:00,20:52,-8
RU,EWR,DCA,2,ontime,13:59,13:57,-2
RU,EWR,IAD,2,ontime,17:00,16:50,-10
RU,EWR,DCA,2,ontime,6:45,6:38,-7
RU,EWR,IAD,2,ontime,19:00,18:55,-5
RU,EWR,DCA,2,ontime,9:00,8:59,-1
RU,EWR,IAD,2,ontime,13:00,12:55,-5
RU,EWR,DCA,2,delayed,15:25,15:55,30
RU,EWR,IAD,2,ontime,15:00,14:56,-4
RU,EWR,IAD,2,delayed,7:00,7:08,8
OH,JFK,BWI,3,ontime,14:55,14:55,0
DH,LGA,IAD,3,ontime,12:45,12:39,-6
DH,LGA,IAD,3,ontime,14:55,14:48,-7
DH,LGA,IAD,3,ontime,17:15,17:14,-1
DH,LGA,IAD,3,delayed,21:20,22:20,60
DH,LGA,IAD,3,delayed,6:40,7:02,22
DH,LGA,IAD,3,ontime,10:40,10:32,-8
DH,JFK,IAD,3,ontime,8:40,8:36,-4
DH,JFK,IAD,3,ontime,12:40,12:37,-3
DH,JFK,IAD,3,ontime,14:55,15:04,9
DH,JFK,IAD,3,ontime,16:45,16:39,-6
DH,JFK,IAD,3,ontime,17:15,17:10,-5
DH,JFK,IAD,3,ontime,21:20,21:18,-2
DH,JFK,IAD,3,ontime,16:10,16:03,-7
DL,JFK,DCA,3,ontime,14:55,14:56,1
DL,LGA,DCA,3,ontime,6:30,6:30,0
DL,LGA,DCA,3,ontime,7:30,7:30,0
DL,LGA,DCA,3,ontime,8:30,8:31,1
DL,LGA,DCA,3,ontime,9:30,9:31,1
DL,LGA,DCA,3,ontime,10:30,10:31,1
DL,LGA,DCA,3,ontime,11:30,11:31,1
DL,LGA,DCA,3,ontime,12:30,12:30,0
DL,LGA,DCA,3,ontime,13:30,13:32,2
DL,LGA,DCA,3,ontime,14:30,14:31,1
DL,LGA,DCA,3,ontime,15:30,15:30,0
DL,LGA,DCA,3,delayed,16:30,16:32,2
DL,LGA,DCA,3,ontime,17:30,17:30,0
DL,LGA,DCA,3,ontime,18:30,18:28,-2
DL,LGA,DCA,3,ontime,19:30,19:28,-2
DL,LGA,DCA,3,ontime,20:30,20:32,2
MQ,JFK,DCA,3,ontime,15:30,15:25,-5
MQ,JFK,DCA,3,ontime,6:00,5:55,-5
MQ,JFK,DCA,3,ontime,18:30,18:30,0
MQ,LGA,DCA,3,ontime,7:00,6:52,-8
MQ,LGA,DCA,3,ontime,8:00,7:53,-7
MQ,LGA,DCA,3,ontime,9:00,8:57,-3
MQ,LGA,DCA,3,ontime,11:00,10:50,-10
MQ,LGA,DCA,3,ontime,13:00,12:52,-8
MQ,LGA,DCA,3,ontime,14:00,13:49,-11
MQ,LGA,DCA,3,ontime,15:00,14:52,-8
MQ,LGA,DCA,3,ontime,16:00,15:56,-4
MQ,LGA,DCA,3,ontime,17:00,16:53,-7
MQ,LGA,DCA,3,ontime,19:00,18:53,-7
UA,LGA,IAD,3,ontime,8:50,8:46,-4
US,LGA,DCA,3,ontime,6:30,6:27,-3
US,LGA,DCA,3,ontime,7:00,6:59,-1
US,LGA,DCA,3,ontime,8:00,7:59,-1
US,LGA,DCA,3,ontime,9:00,8:55,-5
US,LGA,DCA,3,ontime,10:00,9:56,-4
US,LGA,DCA,3,ontime,11:00,10:56,-4
US,LGA,DCA,3,ontime,12:00,11:55,-5
US,LGA,DCA,3,ontime,13:00,12:55,-5
US,LGA,DCA,3,ontime,14:00,13:57,-3
US,LGA,DCA,3,ontime,15:00,14:56,-4
US,LGA,DCA,3,ontime,16:00,15:58,-2
US,LGA,DCA,3,ontime,17:00,16:58,-2
US,LGA,DCA,3,ontime,18:00,18:03,3
US,LGA,DCA,3,ontime,19:00,18:59,-1
US,LGA,DCA,3,ontime,20:00,19:56,-4
US,LGA,DCA,3,ontime,21:00,20:58,-2
RU,EWR,BWI,3,ontime,7:00,6:58,-2
RU,EWR,BWI,3,ontime,14:55,14:52,-3
RU,EWR,BWI,3,delayed,17:20,17:26,6
RU,EWR,BWI,3,ontime,10:30,10:28,-2
CO,EWR,DCA,3,delayed,17:30,17:27,-3
CO,EWR,DCA,3,ontime,19:00,18:58,-2
CO,EWR,DCA,3,ontime,13:00,12:56,-4
CO,EWR,DCA,3,ontime,7:35,7:28,-7
DH,EWR,IAD,3,ontime,8:40,8:59,19
DH,EWR,IAD,3,delayed,17:10,17:02,-8
DH,EWR,IAD,3,ontime,12:45,12:35,-10
DH,EWR,IAD,3,ontime,21:20,21:45,25
DH,EWR,IAD,3,ontime,6:30,6:27,-3
DH,EWR,IAD,3,ontime,14:30,14:24,-6
RU,EWR,DCA,3,ontime,6:45,6:43,-2
RU,EWR,IAD,3,delayed,15:00,14:55,-5
RU,EWR,DCA,3,ontime,21:00,20:54,-6
RU,EWR,DCA,3,delayed,16:30,16:48,18
RU,EWR,IAD,3,ontime,19:00,18:57,-3
RU,EWR,DCA,3,delayed,15:25,15:20,-5
RU,EWR,IAD,3,ontime,7:00,6:59,-1
RU,EWR,DCA,3,ontime,13:59,13:56,-3
RU,EWR,IAD,3,ontime,17:00,16:54,-6
RU,EWR,IAD,3,ontime,13:00,12:51,-9
RU,EWR,DCA,3,ontime,9:00,8:58,-2
OH,JFK,BWI,4,delayed,14:55,15:40,45
DH,JFK,DCA,4,ontime,16:40,16:41,1
DH,LGA,IAD,4,delayed,12:45,13:24,39
DH,LGA,IAD,4,delayed,14:55,15:40,45
DH,LGA,IAD,4,ontime,17:15,17:15,0
DH,LGA,IAD,4,ontime,21:20,21:14,-6
DH,LGA,IAD,4,ontime,6:40,6:42,2
DH,LGA,IAD,4,ontime,10:40,10:34,-6
DH,JFK,IAD,4,ontime,8:40,8:30,-10
DH,JFK,IAD,4,ontime,12:40,12:37,-3
DH,JFK,IAD,4,ontime,14:55,14:55,0
DH,JFK,IAD,4,ontime,16:45,16:42,-3
DH,JFK,IAD,4,ontime,17:15,17:07,-8
DH,JFK,IAD,4,ontime,21:20,21:16,-4
DH,JFK,IAD,4,ontime,16:10,16:07,-3
DL,JFK,DCA,4,ontime,14:55,14:58,3
DL,LGA,DCA,4,ontime,6:30,6:29,-1
DL,LGA,DCA,4,ontime,7:30,7:29,-1
DL,LGA,DCA,4,ontime,8:30,8:31,1
DL,LGA,DCA,4,ontime,9:30,9:28,-2
DL,LGA,DCA,4,ontime,10:30,10:30,0
DL,LGA,DCA,4,ontime,11:30,11:29,-1
DL,LGA,DCA,4,ontime,12:30,12:31,1
DL,LGA,DCA,4,ontime,13:30,13:31,1
DL,LGA,DCA,4,delayed,14:30,14:29,-1
DL,LGA,DCA,4,ontime,15:30,15:30,0
DL,LGA,DCA,4,delayed,16:30,16:33,3
DL,LGA,DCA,4,delayed,17:30,17:31,1
DL,LGA,DCA,4,ontime,18:30,18:31,1
DL,LGA,DCA,4,ontime,19:30,19:28,-2
DL,LGA,DCA,4,ontime,20:30,20:33,3
MQ,JFK,DCA,4,ontime,15:30,15:17,-13
MQ,JFK,DCA,4,ontime,6:00,5:53,-7
MQ,JFK,DCA,4,ontime,18:30,18:23,-7
MQ,LGA,DCA,4,ontime,7:00,7:30,30
MQ,LGA,DCA,4,ontime,8:00,7:58,-2
MQ,LGA,DCA,4,ontime,9:00,8:52,-8
MQ,LGA,DCA,4,ontime,11:00,10:56,-4
MQ,LGA,DCA,4,ontime,13:00,12:55,-5
MQ,LGA,DCA,4,ontime,14:00,13:59,-1
MQ,LGA,DCA,4,ontime,15:00,14:59,-1
MQ,LGA,DCA,4,ontime,16:00,15:59,-1
MQ,LGA,DCA,4,ontime,17:00,16:52,-8
MQ,LGA,DCA,4,ontime,19:00,18:54,-6
UA,LGA,IAD,4,ontime,8:50,8:47,-3
US,LGA,DCA,4,ontime,6:30,6:25,-5
US,LGA,DCA,4,ontime,7:00,6:54,-6
US,LGA,DCA,4,ontime,8:00,7:54,-6
US,LGA,DCA,4,ontime,9:00,8:57,-3
US,LGA,DCA,4,ontime,10:00,9:55,-5
US,LGA,DCA,4,ontime,11:00,10:55,-5
US,LGA,DCA,4,ontime,12:00,11:53,-7
US,LGA,DCA,4,ontime,13:00,12:55,-5
US,LGA,DCA,4,ontime,14:00,13:55,-5
US,LGA,DCA,4,ontime,15:00,14:56,-4
US,LGA,DCA,4,ontime,16:00,15:59,-1
US,LGA,DCA,4,ontime,17:00,16:58,-2
US,LGA,DCA,4,ontime,18:00,17:59,-1
US,LGA,DCA,4,ontime,19:00,19:00,0
US,LGA,DCA,4,ontime,20:00,20:11,11
US,LGA,DCA,4,delayed,21:00,21:39,39
RU,EWR,BWI,4,ontime,7:00,6:58,-2
RU,EWR,BWI,4,ontime,10:30,10:30,0
RU,EWR,BWI,4,ontime,14:55,14:50,-5
RU,EWR,BWI,4,delayed,17:20,18:03,43
CO,EWR,DCA,4,ontime,13:00,12:58,-2
CO,EWR,DCA,4,ontime,7:35,7:29,-6
CO,EWR,DCA,4,ontime,19:00,18:55,-5
CO,EWR,DCA,4,delayed,17:30,17:21,-9
DH,EWR,IAD,4,ontime,8:40,8:31,-9
DH,EWR,IAD,4,ontime,17:10,17:06,-4
DH,EWR,IAD,4,ontime,12:45,12:49,4
DH,EWR,IAD,4,ontime,21:20,21:16,-4
DH,EWR,IAD,4,ontime,6:30,6:24,-6
DH,EWR,IAD,4,ontime,14:30,14:25,-5
RU,EWR,DCA,4,ontime,13:59,13:56,-3
RU,EWR,DCA,4,ontime,15:25,15:22,-3
RU,EWR,DCA,4,ontime,16:30,16:27,-3
RU,EWR,IAD,4,ontime,13:00,13:07,7
RU,EWR,DCA,4,ontime,6:45,6:41,-4
RU,EWR,IAD,4,ontime,15:00,14:51,-9
RU,EWR,IAD,4,ontime,17:00,16:56,-4
RU,EWR,IAD,4,ontime,7:00,6:55,-5
RU,EWR,IAD,4,ontime,19:00,18:50,-10
RU,EWR,DCA,4,ontime,21:00,20:52,-8
RU,EWR,DCA,4,ontime,9:00,8:54,-6
OH,JFK,BWI,5,delayed,14:55,16:22,87
DH,JFK,DCA,5,ontime,16:40,16:40,0
DH,LGA,IAD,5,delayed,12:45,12:39,-6
DH,LGA,IAD,5,ontime,17:15,17:15,0
DH,LGA,IAD,5,ontime,6:40,6:34,-6
DH,LGA,IAD,5,ontime,10:40,10:48,8
DH,JFK,IAD,5,ontime,8:40,8:32,-8
DH,JFK,IAD,5,ontime,12:40,12:36,-4
DH,JFK,IAD,5,ontime,14:55,14:58,3
DH,JFK,IAD,5,ontime,16:45,16:42,-3
DH,JFK,IAD,5,ontime,17:15,17:06,-9
DH,JFK,IAD,5,ontime,21:20,21:20,0
DH,JFK,IAD,5,ontime,16:10,16:09,-1
DL,JFK,DCA,5,ontime,14:55,14:56,1
DL,LGA,DCA,5,ontime,6:30,6:27,-3
DL,LGA,DCA,5,ontime,7:30,7:26,-4
DL,LGA,DCA,5,ontime,8:30,8:28,-2
DL,LGA,DCA,5,ontime,9:30,9:28,-2
DL,LGA,DCA,5,ontime,10:30,10:29,-1
DL,LGA,DCA,5,ontime,11:30,11:28,-2
DL,LGA,DCA,5,ontime,12:30,12:29,-1
DL,LGA,DCA,5,ontime,14:30,14:28,-2
DL,LGA,DCA,5,ontime,15:30,15:29,-1
DL,LGA,DCA,5,ontime,16:30,16:31,1
DL,LGA,DCA,5,ontime,17:30,17:32,2
DL,LGA,DCA,5,ontime,18:30,18:29,-1
DL,LGA,DCA,5,ontime,19:30,19:29,-1
DL,LGA,DCA,5,ontime,20:30,20:28,-2
MQ,JFK,DCA,5,delayed,15:30,15:30,0
MQ,JFK,DCA,5,ontime,6:00,5:53,-7
MQ,JFK,DCA,5,ontime,18:30,18:27,-3
MQ,LGA,DCA,5,ontime,7:00,6:55,-5
MQ,LGA,DCA,5,ontime,8:00,7:55,-5
MQ,LGA,DCA,5,ontime,9:00,8:50,-10
MQ,LGA,DCA,5,ontime,11:00,10:47,-13
MQ,LGA,DCA,5,delayed,13:00,12:53,-7
MQ,LGA,DCA,5,ontime,14:00,13:58,-2
MQ,LGA,DCA,5,ontime,17:00,16:55,-5
MQ,LGA,DCA,5,ontime,19:00,18:58,-2
UA,LGA,IAD,5,ontime,8:50,8:53,3
US,LGA,DCA,5,ontime,6:30,6:26,-4
US,LGA,DCA,5,ontime,7:00,6:56,-4
US,LGA,DCA,5,ontime,8:00,7:57,-3
US,LGA,DCA,5,ontime,9:00,8:55,-5
US,LGA,DCA,5,ontime,10:00,9:56,-4
US,LGA,DCA,5,ontime,11:00,10:57,-3
US,LGA,DCA,5,ontime,12:00,11:57,-3
US,LGA,DCA,5,delayed,13:00,12:59,-1
US,LGA,DCA,5,ontime,14:00,13:55,-5
US,LGA,DCA,5,ontime,15:00,15:02,2
US,LGA,DCA,5,ontime,17:00,16:59,-1
US,LGA,DCA,5,ontime,18:00,17:59,-1
US,LGA,DCA,5,ontime,19:00,18:59,-1
US,LGA,DCA,5,ontime,20:00,19:58,-2
US,LGA,DCA,5,ontime,21:00,20:55,-5
RU,EWR,BWI,5,delayed,14:55,14:49,-6
RU,EWR,BWI,5,ontime,10:30,10:32,2
RU,EWR,BWI,5,ontime,17:20,17:26,6
RU,EWR,BWI,5,ontime,7:00,6:54,-6
CO,EWR,DCA,5,ontime,17:30,17:31,1
CO,EWR,DCA,5,ontime,13:00,12:54,-6
CO,EWR,DCA,5,ontime,7:35,7:28,-7
CO,EWR,DCA,5,delayed,19:00,18:49,-11
DH,EWR,IAD,5,ontime,8:40,8:33,-7
DH,EWR,IAD,5,delayed,17:10,18:20,70
DH,EWR,IAD,5,ontime,12:45,12:35,-10
DH,EWR,IAD,5,delayed,21:20,22:39,79
DH,EWR,IAD,5,ontime,6:30,6:26,-4
DH,EWR,IAD,5,ontime,14:30,14:27,-3
RU,EWR,DCA,5,ontime,21:00,20:54,-6
RU,EWR,DCA,5,ontime,16:30,16:29,-1
RU,EWR,IAD,5,ontime,7:00,7:00,0
RU,EWR,DCA,5,ontime,6:45,6:41,-4
RU,EWR,IAD,5,ontime,15:00,14:51,-9
RU,EWR,IAD,5,ontime,19:00,18:51,-9
RU,EWR,IAD,5,ontime,13:00,12:52,-8
RU,EWR,DCA,5,delayed,15:25,15:28,3
RU,EWR,IAD,5,ontime,17:00,16:57,-3
RU,EWR,DCA,5,ontime,9:00,9:01,1
RU,EWR,DCA,5,ontime,13:59,13:56,-3
OH,JFK,BWI,6,ontime,14:55,14:55,0
DH,JFK,DCA,6,ontime,16:40,16:33,-7
DH,LGA,IAD,6,ontime,12:45,12:40,-5
DH,LGA,IAD,6,ontime,17:15,17:11,-4
DH,LGA,IAD,6,ontime,21:20,21:19,-1
DH,JFK,IAD,6,ontime,8:40,8:32,-8
DH,JFK,IAD,6,ontime,12:40,13:05,25
DH,JFK,IAD,6,ontime,16:45,16:44,-1
DH,JFK,IAD,6,delayed,17:15,17:15,0
DH,JFK,IAD,6,ontime,21:20,21:25,5
DH,JFK,IAD,6,ontime,18:00,17:51,-9
DL,JFK,DCA,6,delayed,14:55,15:11,16
DL,LGA,DCA,6,ontime,7:30,7:30,0
DL,LGA,DCA,6,ontime,8:30,8:29,-1
DL,LGA,DCA,6,ontime,10:30,10:28,-2
DL,LGA,DCA,6,ontime,12:30,12:30,0
DL,LGA,DCA,6,ontime,14:30,14:28,-2
DL,LGA,DCA,6,ontime,16:30,16:30,0
DL,LGA,DCA,6,ontime,18:30,18:29,-1
DL,LGA,DCA,6,ontime,20:30,20:31,1
MQ,JFK,DCA,6,ontime,15:30,15:25,-5
MQ,JFK,DCA,6,ontime,6:00,5:50,-10
MQ,JFK,DCA,6,ontime,18:30,18:12,-18
MQ,LGA,DCA,6,delayed,9:00,9:31,31
MQ,LGA,DCA,6,ontime,13:00,13:19,19
UA,LGA,IAD,6,ontime,8:50,8:49,-1
US,LGA,DCA,6,ontime,7:00,6:57,-3
US,LGA,DCA,6,ontime,9:00,9:19,19
US,LGA,DCA,6,ontime,11:00,10:58,-2
US,LGA,DCA,6,ontime,13:00,12:59,-1
US,LGA,DCA,6,ontime,15:00,14:57,-3
US,LGA,DCA,6,ontime,17:00,16:56,-4
US,LGA,DCA,6,ontime,19:00,18:54,-6
RU,EWR,BWI,6,ontime,14:55,14:53,-2
RU,EWR,BWI,6,ontime,17:20,17:15,-5
RU,EWR,BWI,6,delayed,7:00,6:54,-6
RU,EWR,BWI,6,ontime,10:30,10:29,-1
CO,EWR,DCA,6,ontime,13:00,12:52,-8
DH,EWR,IAD,6,ontime,8:40,8:24,-16
DH,EWR,IAD,6,ontime,17:10,16:58,-12
DH,EWR,IAD,6,ontime,12:45,12:40,-5
DH,EWR,IAD,6,ontime,21:20,21:18,-2
RU,EWR,DCA,6,ontime,9:30,9:29,-1
RU,EWR,IAD,6,ontime,15:00,14:56,-4
RU,EWR,DCA,6,ontime,16:00,15:56,-4
RU,EWR,IAD,6,delayed,7:00,6:59,-1
RU,EWR,DCA,6,ontime,6:45,6:40,-5
RU,EWR,DCA,6,ontime,13:59,13:58,-1
RU,EWR,IAD,6,ontime,17:00,16:58,-2
RU,EWR,DCA,6,ontime,17:30,17:28,-2
OH,JFK,BWI,7,ontime,14:55,14:55,0
DH,JFK,DCA,7,ontime,16:40,16:56,16
DH,LGA,IAD,7,ontime,12:45,12:51,6
DH,LGA,IAD,7,ontime,14:55,14:55,0
DH,LGA,IAD,7,delayed,17:15,19:00,105
DH,LGA,IAD,7,delayed,21:20,22:44,84
DH,JFK,IAD,7,ontime,8:40,9:01,21
DH,JFK,IAD,7,delayed,12:40,13:26,46
DH,JFK,IAD,7,ontime,14:55,14:52,-3
DH,JFK,IAD,7,ontime,16:45,16:41,-4
DH,JFK,IAD,7,delayed,17:15,17:15,0
DH,JFK,IAD,7,delayed,21:20,21:22,2
DH,JFK,IAD,7,ontime,16:10,16:00,-10
DL,JFK,DCA,7,delayed,14:55,15:35,40
DL,LGA,DCA,7,ontime,8:30,8:26,-4
DL,LGA,DCA,7,ontime,10:30,10:26,-4
DL,LGA,DCA,7,ontime,11:30,11:28,-2
DL,LGA,DCA,7,ontime,12:30,12:29,-1
DL,LGA,DCA,7,ontime,13:30,13:30,0
DL,LGA,DCA,7,ontime,14:30,14:29,-1
DL,LGA,DCA,7,ontime,15:30,15:30,0
DL,LGA,DCA,7,ontime,16:30,16:33,3
DL,LGA,DCA,7,ontime,17:30,17:29,-1
DL,LGA,DCA,7,ontime,18:30,18:29,-1
DL,LGA,DCA,7,ontime,19:30,19:30,0
DL,LGA,DCA,7,ontime,20:30,20:31,1
MQ,JFK,DCA,7,delayed,15:30,16:04,34
MQ,JFK,DCA,7,ontime,9:25,9:17,-8
MQ,JFK,DCA,7,ontime,18:30,18:52,22
MQ,LGA,DCA,7,ontime,13:00,12:55,-5
MQ,LGA,DCA,7,delayed,15:00,15:28,28
MQ,LGA,DCA,7,ontime,17:00,16:59,-1
MQ,LGA,DCA,7,ontime,19:00,18:59,-1
UA,LGA,IAD,7,ontime,8:50,8:45,-5
US,LGA,DCA,7,ontime,9:00,8:59,-1
US,LGA,DCA,7,ontime,10:00,9:54,-6
US,LGA,DCA,7,ontime,11:00,10:53,-7
US,LGA,DCA,7,ontime,12:00,11:56,-4
US,LGA,DCA,7,ontime,13:00,12:54,-6
US,LGA,DCA,7,ontime,14:00,13:56,-4
US,LGA,DCA,7,ontime,15:00,14:55,-5
US,LGA,DCA,7,ontime,16:00,16:00,0
US,LGA,DCA,7,ontime,17:00,16:55,-5
US,LGA,DCA,7,ontime,18:00,17:54,-6
US,LGA,DCA,7,ontime,19:00,18:55,-5
US,LGA,DCA,7,ontime,20:00,19:53,-7
US,LGA,DCA,7,delayed,21:00,20:57,-3
RU,EWR,BWI,7,ontime,14:55,14:56,1
RU,EWR,BWI,7,delayed,10:30,11:37,67
RU,EWR,BWI,7,ontime,17:20,17:29,9
RU,EWR,BWI,7,ontime,13:15,13:13,-2
CO,EWR,DCA,7,ontime,16:30,16:20,-10
CO,EWR,DCA,7,ontime,13:00,12:51,-9
CO,EWR,DCA,7,ontime,19:00,18:56,-4
DH,EWR,IAD,7,ontime,8:40,8:30,-10
DH,EWR,IAD,7,ontime,17:10,17:20,10
DH,EWR,IAD,7,ontime,12:45,12:38,-7
DH,EWR,IAD,7,delayed,21:20,21:20,0
DH,EWR,IAD,7,delayed,14:30,15:21,51
RU,EWR,DCA,7,delayed,21:30,22:44,74
RU,EWR,DCA,7,ontime,9:30,9:26,-4
RU,EWR,IAD,7,ontime,8:45,8:40,-5
RU,EWR,IAD,7,delayed,19:00,18:59,-1
RU,EWR,IAD,7,ontime,15:00,14:56,-4
RU,EWR,IAD,7,ontime,17:00,16:55,-5
RU,EWR,DCA,7,ontime,13:59,13:56,-3
RU,EWR,DCA,7,ontime,17:30,17:36,6
OH,JFK,BWI,1,ontime,14:55,15:00,5
DH,LGA,IAD,1,ontime,12:45,12:43,-2
DH,LGA,IAD,1,delayed,14:55,16:12,77
DH,LGA,IAD,1,delayed,17:15,19:47,152
DH,LGA,IAD,1,delayed,21:20,21:50,30
DH,LGA,IAD,1,delayed,6:40,10:01,201
DH,LGA,IAD,1,delayed,10:40,10:35,-5
DH,JFK,IAD,1,ontime,8:40,8:39,-1
DH,JFK,IAD,1,ontime,12:40,12:35,-5
DH,JFK,IAD,1,delayed,14:55,14:59,4
DH,JFK,IAD,1,delayed,16:45,17:59,74
DH,JFK,IAD,1,delayed,17:15,18:29,74
DH,JFK,IAD,1,ontime,21:20,21:20,0
DH,JFK,IAD,1,ontime,16:10,16:35,25
DL,JFK,DCA,1,delayed,14:55,15:09,14
DL,LGA,DCA,1,delayed,7:30,7:41,11
DL,LGA,DCA,1,ontime,9:30,9:29,-1
DL,LGA,DCA,1,ontime,10:30,10:33,3
DL,LGA,DCA,1,ontime,11:30,11:29,-1
DL,LGA,DCA,1,ontime,12:30,12:29,-1
DL,LGA,DCA,1,ontime,13:30,13:28,-2
DL,LGA,DCA,1,delayed,14:30,14:33,3
DL,LGA,DCA,1,delayed,15:30,15:40,10
DL,LGA,DCA,1,ontime,16:30,16:34,4
DL,LGA,DCA,1,ontime,17:30,17:30,0
DL,LGA,DCA,1,ontime,19:30,19:31,1
DL,LGA,DCA,1,ontime,20:30,20:31,1
MQ,JFK,DCA,1,delayed,15:30,16:19,49
MQ,JFK,DCA,1,delayed,18:30,19:56,86
MQ,LGA,DCA,1,delayed,8:00,10:17,137
MQ,LGA,DCA,1,delayed,9:00,9:20,20
MQ,LGA,DCA,1,delayed,13:00,16:07,187
MQ,LGA,DCA,1,delayed,19:00,20:10,70
UA,LGA,IAD,1,delayed,8:50,9:29,39
US,LGA,DCA,1,delayed,6:30,6:46,16
US,LGA,DCA,1,delayed,7:00,7:29,29
US,LGA,DCA,1,ontime,8:00,8:01,1
US,LGA,DCA,1,delayed,9:00,9:25,25
US,LGA,DCA,1,ontime,10:00,9:56,-4
US,LGA,DCA,1,delayed,11:00,11:00,0
US,LGA,DCA,1,ontime,14:00,13:58,-2
US,LGA,DCA,1,ontime,16:00,15:59,-1
US,LGA,DCA,1,ontime,17:00,17:03,3
US,LGA,DCA,1,ontime,18:00,17:56,-4
US,LGA,DCA,1,ontime,19:00,19:00,0
US,LGA,DCA,1,ontime,20:00,19:55,-5
US,LGA,DCA,1,delayed,21:00,21:18,18
RU,EWR,BWI,1,delayed,17:20,17:37,17
RU,EWR,BWI,1,ontime,14:55,15:04,9
CO,EWR,DCA,1,delayed,7:35,7:50,15
CO,EWR,DCA,1,delayed,19:00,19:22,22
CO,EWR,DCA,1,ontime,13:00,12:54,-6
DH,EWR,IAD,1,ontime,8:40,8:40,0
DH,EWR,IAD,1,delayed,12:45,15:01,136
DH,EWR,IAD,1,delayed,21:20,21:50,30
DH,EWR,IAD,1,ontime,6:30,6:32,2
DH,EWR,IAD,1,delayed,14:30,14:57,27
RU,EWR,IAD,1,delayed,15:00,15:00,0
RU,EWR,DCA,1,ontime,21:00,20:55,-5
RU,EWR,DCA,1,ontime,9:00,8:56,-4
RU,EWR,IAD,1,delayed,19:00,19:39,39
RU,EWR,IAD,1,ontime,13:00,12:58,-2
RU,EWR,IAD,1,delayed,17:00,17:54,54
RU,EWR,DCA,1,ontime,13:59,13:58,-1
RU,EWR,DCA,1,delayed,15:25,17:55,150
OH,JFK,BWI,2,ontime,14:55,15:15,20
DH,JFK,DCA,2,delayed,16:40,19:41,181
DH,LGA,IAD,2,delayed,12:45,14:09,84
DH,LGA,IAD,2,delayed,14:55,15:20,25
DH,LGA,IAD,2,delayed,17:15,17:35,20
DH,LGA,IAD,2,delayed,6:40,8:45,125
DH,LGA,IAD,2,ontime,10:40,10:31,-9
DH,JFK,IAD,2,delayed,8:40,8:37,-3
DH,JFK,IAD,2,delayed,12:40,13:42,62
DH,JFK,IAD,2,delayed,14:55,15:12,17
DH,JFK,IAD,2,delayed,17:15,19:15,120
DH,JFK,IAD,2,delayed,21:20,21:55,35
DL,JFK,DCA,2,delayed,14:55,15:05,10
DL,LGA,DCA,2,ontime,7:30,7:31,1
DL,LGA,DCA,2,delayed,8:30,8:42,12
DL,LGA,DCA,2,ontime,10:30,10:32,2
DL,LGA,DCA,2,ontime,12:30,12:31,1
DL,LGA,DCA,2,ontime,14:30,14:30,0
DL,LGA,DCA,2,delayed,16:30,17:50,80
DL,LGA,DCA,2,delayed,18:30,19:27,57
DL,LGA,DCA,2,delayed,20:30,20:30,0
MQ,JFK,DCA,2,delayed,15:30,15:51,21
MQ,JFK,DCA,2,delayed,18:30,19:15,45
MQ,LGA,DCA,2,delayed,7:00,7:00,0
MQ,LGA,DCA,2,ontime,8:00,8:10,10
MQ,LGA,DCA,2,delayed,14:00,16:12,132
MQ,LGA,DCA,2,ontime,15:00,14:59,-1
MQ,LGA,DCA,2,delayed,16:00,18:55,175
UA,LGA,IAD,2,delayed,8:50,10:26,96
US,LGA,DCA,2,ontime,6:30,6:25,-5
US,LGA,DCA,2,ontime,7:00,6:57,-3
US,LGA,DCA,2,ontime,8:00,7:57,-3
US,LGA,DCA,2,ontime,9:00,8:58,-2
US,LGA,DCA,2,ontime,10:00,9:56,-4
US,LGA,DCA,2,ontime,11:00,10:57,-3
US,LGA,DCA,2,ontime,12:00,11:56,-4
US,LGA,DCA,2,ontime,13:00,13:00,0
US,LGA,DCA,2,ontime,14:00,13:57,-3
US,LGA,DCA,2,ontime,15:00,14:57,-3
US,LGA,DCA,2,ontime,16:00,15:59,-1
US,LGA,DCA,2,ontime,17:00,16:57,-3
RU,EWR,BWI,2,delayed,7:00,6:57,-3
CO,EWR,DCA,2,delayed,17:30,18:13,43
CO,EWR,DCA,2,delayed,13:00,12:57,-3
DH,EWR,IAD,2,delayed,8:40,8:40,0
DH,EWR,IAD,2,delayed,17:10,18:24,74
DH,EWR,IAD,2,delayed,12:45,13:48,63
DH,EWR,IAD,2,delayed,21:20,21:50,30
DH,EWR,IAD,2,delayed,14:30,14:44,14
RU,EWR,IAD,2,delayed,15:00,14:56,-4
RU,EWR,IAD,2,delayed,7:00,7:11,11
RU,EWR,DCA,2,ontime,6:45,6:41,-4
OH,JFK,BWI,3,ontime,14:55,15:00,5
DH,JFK,DCA,3,ontime,16:40,16:31,-9
DH,LGA,IAD,3,ontime,12:45,12:38,-7
DH,LGA,IAD,3,delayed,14:55,15:52,57
DH,LGA,IAD,3,ontime,17:15,17:44,29
DH,LGA,IAD,3,delayed,21:20,21:51,31
DH,LGA,IAD,3,ontime,6:40,6:40,0
DH,LGA,IAD,3,ontime,10:40,10:38,-2
DH,JFK,IAD,3,delayed,8:40,9:12,32
DH,JFK,IAD,3,delayed,12:40,13:31,51
DH,JFK,IAD,3,ontime,14:55,14:51,-4
DH,JFK,IAD,3,ontime,16:45,16:42,-3
DH,JFK,IAD,3,delayed,17:15,18:32,77
DH,JFK,IAD,3,ontime,21:20,21:18,-2
DH,JFK,IAD,3,ontime,16:10,16:10,0
DL,JFK,DCA,3,ontime,14:55,14:51,-4
DL,LGA,DCA,3,ontime,7:30,7:29,-1
DL,LGA,DCA,3,ontime,9:30,9:31,1
DL,LGA,DCA,3,ontime,11:30,11:30,0
DL,LGA,DCA,3,ontime,13:30,13:29,-1
DL,LGA,DCA,3,ontime,15:30,15:29,-1
DL,LGA,DCA,3,ontime,17:30,17:29,-1
DL,LGA,DCA,3,ontime,18:30,18:30,0
DL,LGA,DCA,3,delayed,20:30,20:30,0
MQ,JFK,DCA,3,ontime,15:30,15:29,-1
MQ,JFK,DCA,3,ontime,18:30,18:33,3
MQ,LGA,DCA,3,delayed,8:00,7:56,-4
MQ,LGA,DCA,3,delayed,14:00,14:24,24
MQ,LGA,DCA,3,ontime,15:00,15:13,13
MQ,LGA,DCA,3,ontime,16:00,15:51,-9
MQ,LGA,DCA,3,delayed,17:00,17:19,19
MQ,LGA,DCA,3,delayed,19:00,19:41,41
UA,LGA,IAD,3,ontime,8:50,8:49,-1
US,LGA,DCA,3,ontime,6:30,6:28,-2
US,LGA,DCA,3,ontime,7:00,6:57,-3
US,LGA,DCA,3,delayed,8:00,8:30,30
US,LGA,DCA,3,delayed,9:00,9:21,21
US,LGA,DCA,3,ontime,10:00,10:05,5
US,LGA,DCA,3,ontime,11:00,10:56,-4
US,LGA,DCA,3,ontime,13:00,12:57,-3
US,LGA,DCA,3,delayed,15:00,14:58,-2
US,LGA,DCA,3,delayed,16:00,15:55,-5
US,LGA,DCA,3,ontime,17:00,16:56,-4
US,LGA,DCA,3,ontime,18:00,17:58,-2
US,LGA,DCA,3,ontime,19:00,18:55,-5
US,LGA,DCA,3,delayed,20:00,19:56,-4
US,LGA,DCA,3,ontime,21:00,20:54,-6
RU,EWR,BWI,3,ontime,14:55,14:54,-1
RU,EWR,BWI,3,ontime,10:30,10:22,-8
RU,EWR,BWI,3,delayed,17:20,18:48,88
CO,EWR,DCA,3,ontime,17:30,17:23,-7
CO,EWR,DCA,3,delayed,19:00,19:37,37
CO,EWR,DCA,3,ontime,13:00,12:56,-4
DH,EWR,IAD,3,ontime,8:40,8:36,-4
DH,EWR,IAD,3,delayed,17:10,17:15,5
DH,EWR,IAD,3,delayed,12:45,13:54,69
DH,EWR,IAD,3,ontime,21:20,21:16,-4
DH,EWR,IAD,3,ontime,6:30,6:27,-3
DH,EWR,IAD,3,ontime,14:30,14:25,-5
RU,EWR,DCA,3,ontime,13:59,13:55,-4
RU,EWR,IAD,3,ontime,17:00,16:50,-10
RU,EWR,DCA,3,delayed,21:00,21:20,20
RU,EWR,IAD,3,ontime,19:00,18:55,-5
RU,EWR,DCA,3,ontime,16:30,16:28,-2
RU,EWR,DCA,3,delayed,9:00,9:11,11
RU,EWR,IAD,3,ontime,7:00,7:00,0
RU,EWR,DCA,3,ontime,15:25,15:23,-2
RU,EWR,IAD,3,ontime,15:00,14:53,-7
OH,JFK,BWI,4,ontime,14:55,14:55,0
DH,JFK,DCA,4,ontime,16:40,16:36,-4
DH,LGA,IAD,4,delayed,12:45,13:21,36
DH,LGA,IAD,4,delayed,14:55,16:09,74
DH,LGA,IAD,4,delayed,17:15,19:39,144
DH,LGA,IAD,4,ontime,21:20,21:20,0
DH,LGA,IAD,4,delayed,6:40,7:21,41
DH,JFK,IAD,4,ontime,8:40,8:37,-3
DH,JFK,IAD,4,ontime,12:40,12:32,-8
DH,JFK,IAD,4,ontime,14:55,14:50,-5
DH,JFK,IAD,4,ontime,16:45,16:44,-1
DH,JFK,IAD,4,ontime,17:15,17:37,22
DH,JFK,IAD,4,ontime,21:20,21:15,-5
DH,JFK,IAD,4,ontime,16:10,16:13,3
DL,JFK,DCA,4,delayed,14:55,15:00,5
DL,LGA,DCA,4,ontime,6:30,6:30,0
DL,LGA,DCA,4,ontime,7:30,7:28,-2
DL,LGA,DCA,4,delayed,8:30,8:34,4
DL,LGA,DCA,4,ontime,10:30,10:32,2
DL,LGA,DCA,4,ontime,11:30,11:28,-2
DL,LGA,DCA,4,ontime,12:30,12:30,0
DL,LGA,DCA,4,ontime,13:30,13:29,-1
DL,LGA,DCA,4,ontime,14:30,14:30,0
DL,LGA,DCA,4,ontime,15:30,15:31,1
DL,LGA,DCA,4,ontime,16:30,16:29,-1
DL,LGA,DCA,4,ontime,17:30,17:30,0
DL,LGA,DCA,4,ontime,18:30,18:29,-1
DL,LGA,DCA,4,ontime,19:30,19:28,-2
DL,LGA,DCA,4,ontime,20:30,20:31,1
MQ,JFK,DCA,4,delayed,15:30,16:33,63
MQ,JFK,DCA,4,ontime,6:00,5:59,-1
MQ,JFK,DCA,4,ontime,18:30,18:29,-1
MQ,LGA,DCA,4,delayed,7:00,6:50,-10
MQ,LGA,DCA,4,ontime,8:00,7:49,-11
MQ,LGA,DCA,4,ontime,9:00,8:55,-5
MQ,LGA,DCA,4,ontime,13:00,12:57,-3
MQ,LGA,DCA,4,delayed,14:00,14:28,28
MQ,LGA,DCA,4,delayed,15:00,15:27,27
MQ,LGA,DCA,4,ontime,17:00,16:54,-6
MQ,LGA,DCA,4,ontime,19:00,19:02,2
UA,LGA,IAD,4,ontime,8:50,8:48,-2
US,LGA,DCA,4,ontime,6:30,6:32,2
US,LGA,DCA,4,delayed,7:00,6:57,-3
US,LGA,DCA,4,ontime,8:00,7:55,-5
US,LGA,DCA,4,ontime,9:00,8:58,-2
US,LGA,DCA,4,ontime,10:00,9:58,-2
US,LGA,DCA,4,ontime,11:00,10:58,-2
US,LGA,DCA,4,ontime,12:00,11:55,-5
US,LGA,DCA,4,ontime,13:00,12:56,-4
US,LGA,DCA,4,ontime,14:00,13:56,-4
US,LGA,DCA,4,ontime,15:00,14:57,-3
US,LGA,DCA,4,ontime,16:00,15:56,-4
US,LGA,DCA,4,ontime,17:00,16:59,-1
US,LGA,DCA,4,ontime,18:00,17:58,-2
US,LGA,DCA,4,ontime,19:00,18:57,-3
US,LGA,DCA,4,ontime,20:00,20:01,1
US,LGA,DCA,4,ontime,21:00,20:55,-5
RU,EWR,BWI,4,ontime,17:20,17:18,-2
RU,EWR,BWI,4,ontime,7:00,6:59,-1
RU,EWR,BWI,4,ontime,10:30,10:30,0
RU,EWR,BWI,4,ontime,14:55,14:51,-4
CO,EWR,DCA,4,ontime,13:00,12:55,-5
CO,EWR,DCA,4,ontime,17:30,17:28,-2
CO,EWR,DCA,4,ontime,7:35,7:32,-3
CO,EWR,DCA,4,ontime,19:00,18:52,-8
DH,EWR,IAD,4,delayed,8:40,9:13,33
DH,EWR,IAD,4,ontime,17:10,16:59,-11
DH,EWR,IAD,4,ontime,12:45,12:37,-8
DH,EWR,IAD,4,delayed,21:20,22:11,51
DH,EWR,IAD,4,ontime,6:30,6:27,-3
DH,EWR,IAD,4,ontime,14:30,14:27,-3
RU,EWR,DCA,4,ontime,21:00,20:57,-3
RU,EWR,DCA,4,ontime,16:30,16:33,3
RU,EWR,IAD,4,ontime,15:00,14:52,-8
RU,EWR,DCA,4,ontime,6:45,6:40,-5
RU,EWR,IAD,4,ontime,7:00,6:54,-6
RU,EWR,IAD,4,ontime,19:00,18:55,-5
RU,EWR,DCA,4,delayed,13:59,14:05,6
RU,EWR,IAD,4,ontime,13:00,12:59,-1
RU,EWR,DCA,4,delayed,15:25,16:20,55
RU,EWR,DCA,4,ontime,9:00,8:57,-3
RU,EWR,IAD,4,ontime,17:00,16:59,-1
OH,JFK,BWI,5,ontime,14:55,14:55,0
DH,JFK,DCA,5,ontime,16:40,16:40,0
DH,LGA,IAD,5,ontime,12:45,12:37,-8
DH,LGA,IAD,5,delayed,14:55,15:28,33
DH,LGA,IAD,5,ontime,17:15,17:09,-6
DH,LGA,IAD,5,ontime,21:20,21:27,7
DH,LGA,IAD,5,ontime,6:40,6:32,-8
DH,LGA,IAD,5,ontime,10:40,10:30,-10
DH,JFK,IAD,5,ontime,8:40,8:31,-9
DH,JFK,IAD,5,ontime,12:40,12:41,1
DH,JFK,IAD,5,ontime,14:55,14:59,4
DH,JFK,IAD,5,ontime,16:45,16:41,-4
DH,JFK,IAD,5,ontime,17:15,17:14,-1
DH,JFK,IAD,5,delayed,21:20,22:14,54
DH,JFK,IAD,5,ontime,16:10,16:09,-1
DL,JFK,DCA,5,delayed,14:55,15:10,15
DL,LGA,DCA,5,ontime,6:30,6:30,0
DL,LGA,DCA,5,ontime,7:30,7:30,0
DL,LGA,DCA,5,ontime,8:30,8:30,0
DL,LGA,DCA,5,ontime,9:30,9:31,1
DL,LGA,DCA,5,ontime,10:30,10:31,1
DL,LGA,DCA,5,ontime,11:30,11:31,1
DL,LGA,DCA,5,ontime,12:30,12:31,1
DL,LGA,DCA,5,ontime,13:30,13:31,1
DL,LGA,DCA,5,ontime,14:30,14:32,2
DL,LGA,DCA,5,ontime,15:30,15:31,1
DL,LGA,DCA,5,ontime,16:30,16:32,2
DL,LGA,DCA,5,ontime,17:30,17:30,0
DL,LGA,DCA,5,ontime,18:30,18:30,0
DL,LGA,DCA,5,ontime,19:30,19:27,-3
DL,LGA,DCA,5,ontime,20:30,20:31,1
MQ,JFK,DCA,5,ontime,15:30,15:23,-7
MQ,JFK,DCA,5,ontime,18:30,18:43,13
MQ,LGA,DCA,5,ontime,7:00,7:03,3
MQ,LGA,DCA,5,delayed,8:00,8:27,27
MQ,LGA,DCA,5,ontime,9:00,8:50,-10
MQ,LGA,DCA,5,ontime,11:00,10:56,-4
MQ,LGA,DCA,5,ontime,13:00,12:51,-9
MQ,LGA,DCA,5,ontime,14:00,13:58,-2
MQ,LGA,DCA,5,ontime,15:00,14:58,-2
MQ,LGA,DCA,5,delayed,16:00,17:03,63
MQ,LGA,DCA,5,ontime,17:00,16:56,-4
UA,LGA,IAD,5,ontime,8:50,8:49,-1
US,LGA,DCA,5,ontime,6:30,6:38,8
US,LGA,DCA,5,ontime,7:00,6:56,-4
US,LGA,DCA,5,ontime,8:00,7:54,-6
US,LGA,DCA,5,ontime,9:00,8:58,-2
US,LGA,DCA,5,ontime,10:00,9:57,-3
US,LGA,DCA,5,ontime,11:00,10:57,-3
US,LGA,DCA,5,ontime,12:00,11:55,-5
US,LGA,DCA,5,ontime,13:00,12:56,-4
US,LGA,DCA,5,ontime,14:00,13:56,-4
US,LGA,DCA,5,ontime,15:00,14:59,-1
US,LGA,DCA,5,ontime,16:00,15:56,-4
US,LGA,DCA,5,delayed,17:00,16:56,-4
US,LGA,DCA,5,ontime,18:00,17:58,-2
US,LGA,DCA,5,ontime,19:00,18:56,-4
US,LGA,DCA,5,ontime,20:00,20:04,4
US,LGA,DCA,5,ontime,21:00,20:57,-3
RU,EWR,BWI,5,delayed,17:20,17:48,28
RU,EWR,BWI,5,ontime,7:00,7:00,0
RU,EWR,BWI,5,delayed,14:55,15:13,18
RU,EWR,BWI,5,ontime,10:30,10:37,7
CO,EWR,DCA,5,ontime,17:30,17:28,-2
CO,EWR,DCA,5,ontime,13:00,12:57,-3
CO,EWR,DCA,5,ontime,19:00,18:51,-9
CO,EWR,DCA,5,ontime,7:35,7:27,-8
DH,EWR,IAD,5,ontime,8:40,8:32,-8
DH,EWR,IAD,5,ontime,17:10,17:15,5
DH,EWR,IAD,5,delayed,12:45,12:42,-3
DH,EWR,IAD,5,ontime,21:20,21:16,-4
DH,EWR,IAD,5,ontime,6:30,6:23,-7
DH,EWR,IAD,5,ontime,14:30,14:26,-4
RU,EWR,IAD,5,ontime,13:00,12:55,-5
RU,EWR,DCA,5,ontime,21:00,20:56,-4
RU,EWR,IAD,5,delayed,17:00,16:57,-3
RU,EWR,IAD,5,delayed,19:00,18:56,-4
RU,EWR,DCA,5,ontime,6:45,6:43,-2
RU,EWR,DCA,5,delayed,13:59,13:59,0
RU,EWR,DCA,5,delayed,15:25,16:01,36
RU,EWR,DCA,5,ontime,16:30,16:30,0
RU,EWR,DCA,5,ontime,9:00,8:58,-2
RU,EWR,IAD,5,delayed,15:00,14:56,-4
RU,EWR,IAD,5,delayed,7:00,6:59,-1
OH,JFK,BWI,6,ontime,14:55,15:05,10
DH,JFK,DCA,6,ontime,16:40,16:33,-7
DH,LGA,IAD,6,ontime,12:45,12:43,-2
DH,LGA,IAD,6,ontime,17:15,17:11,-4
DH,LGA,IAD,6,ontime,21:20,21:17,-3
DH,JFK,IAD,6,delayed,8:40,9:31,51
DH,JFK,IAD,6,ontime,12:40,12:38,-2
DH,JFK,IAD,6,ontime,16:45,16:39,-6
DH,JFK,IAD,6,ontime,17:15,17:06,-9
DH,JFK,IAD,6,ontime,21:20,21:15,-5
DH,JFK,IAD,6,ontime,18:00,17:50,-10
DL,JFK,DCA,6,ontime,14:55,15:00,5
DL,LGA,DCA,6,ontime,7:30,7:27,-3
DL,LGA,DCA,6,delayed,8:30,8:40,10
DL,LGA,DCA,6,ontime,10:30,10:30,0
DL,LGA,DCA,6,ontime,12:30,12:31,1
DL,LGA,DCA,6,ontime,14:30,14:29,-1
DL,LGA,DCA,6,ontime,16:30,16:29,-1
DL,LGA,DCA,6,ontime,18:30,18:29,-1
DL,LGA,DCA,6,ontime,20:30,20:26,-4
MQ,JFK,DCA,6,ontime,15:20,15:14,-6
MQ,JFK,DCA,6,ontime,6:00,6:13,13
MQ,JFK,DCA,6,ontime,18:30,18:19,-11
MQ,LGA,DCA,6,ontime,9:00,9:04,4
MQ,LGA,DCA,6,ontime,13:00,12:54,-6
UA,LGA,IAD,6,ontime,8:50,8:47,-3
US,LGA,DCA,6,ontime,7:00,7:06,6
US,LGA,DCA,6,ontime,9:00,8:57,-3
US,LGA,DCA,6,ontime,11:00,10:58,-2
US,LGA,DCA,6,ontime,13:00,12:56,-4
US,LGA,DCA,6,ontime,15:00,14:57,-3
US,LGA,DCA,6,ontime,17:00,16:55,-5
US,LGA,DCA,6,ontime,19:00,18:56,-4
RU,EWR,BWI,6,ontime,10:30,10:25,-5
RU,EWR,BWI,6,ontime,14:55,14:49,-6
RU,EWR,BWI,6,ontime,17:20,17:15,-5
RU,EWR,BWI,6,ontime,7:00,7:04,4
CO,EWR,DCA,6,ontime,13:00,12:55,-5
DH,EWR,IAD,6,ontime,8:40,8:40,0
DH,EWR,IAD,6,ontime,17:10,16:59,-11
DH,EWR,IAD,6,ontime,12:45,12:47,2
DH,EWR,IAD,6,ontime,21:20,21:11,-9
RU,EWR,IAD,6,ontime,15:00,14:58,-2
RU,EWR,DCA,6,ontime,9:30,9:25,-5
RU,EWR,IAD,6,ontime,7:00,6:50,-10
RU,EWR,DCA,6,ontime,6:45,6:44,-1
RU,EWR,IAD,6,ontime,17:00,16:53,-7
RU,EWR,DCA,6,ontime,16:00,15:58,-2
RU,EWR,DCA,6,ontime,13:59,14:03,4
RU,EWR,DCA,6,ontime,17:30,17:36,6
